plasmid_id,total_orfs,total_orfs_factor
4,1,1
1736,1,1
8387,2,2
8389,2,2
8438,2,2
8439,2,2
8440,2,2
8462,1,1
8515,1,1
8928,1,1
10843,2,2
10844,1,1
10845,1,1
10952,2,2
10961,1,1
11106,2,2
11107,1,1
11150,3,3
11153,2,2
11154,2,2
11155,2,2
11159,1,1
11347,1,1
11348,1,1
11546,1,1
11642,1,1
11643,1,1
11644,1,1
11651,1,1
11680,1,1
11770,1,1
11779,1,1
11908,1,1
11928,2,2
11939,1,1
11941,1,1
12091,1,1
12092,1,1
12193,1,1
12243,2,2
12247,1,1
12252,2,2
12254,1,1
12257,1,1
12283,1,1
12284,1,1
12286,1,1
12298,2,2
12301,1,1
12304,1,1
12305,1,1
12337,1,1
12597,1,1
12599,2,2
12600,2,2
12601,2,2
12605,1,1
12660,1,1
12663,1,1
12664,1,1
12674,1,1
12678,1,1
12965,2,2
12967,2,2
12968,2,2
12975,2,2
12976,2,2
12980,2,2
12981,2,2
12982,2,2
12986,2,2
13009,1,1
13010,1,1
13031,1,1
13378,1,1
13382,1,1
13389,2,2
13608,1,1
13719,1,1
13720,2,2
13721,2,2
13776,2,2
14106,2,2
14186,1,1
14203,1,1
14324,2,2
14430,1,1
14688,1,1
14715,2,2
14717,1,1
14746,1,1
14747,2,2
14748,1,1
14760,3,3
14858,1,1
14883,1,1
14884,1,1
14885,2,2
14901,1,1
14935,1,1
14996,1,1
14998,1,1
15037,1,1
15192,1,1
15199,1,1
15215,1,1
15216,1,1
15226,1,1
15233,2,2
15238,1,1
15567,1,1
15925,2,2
16004,1,1
16071,2,2
16072,2,2
16073,2,2
16225,1,1
16228,1,1
16275,2,2
16404,2,2
16405,2,2
16529,2,2
16542,1,1
16543,1,1
16544,1,1
16545,1,1
16610,2,2
16612,1,1
16654,1,1
17114,2,2
17234,1,1
17444,1,1
17446,1,1
17447,1,1
17448,1,1
17449,1,1
17551,1,1
17578,2,2
17616,1,1
17618,2,2
17620,1,1
17623,1,1
17626,1,1
17653,1,1
17656,1,1
17661,1,1
17662,1,1
17663,1,1
17705,1,1
17708,2,2
17843,2,2
17844,1,1
17880,1,1
17924,2,2
17990,1,1
18671,1,1
18680,2,2
18780,1,1
18836,2,2
18837,2,2
18870,1,1
18874,2,2
19010,1,1
19031,1,1
19053,1,1
19055,1,1
19069,2,2
19070,1,1
19123,2,2
19125,2,2
19319,1,1
19444,1,1
19484,1,1
19487,2,2
19732,1,1
19741,1,1
19742,1,1
20275,2,2
20671,2,2
20672,1,1
20676,2,2
20677,2,2
20680,2,2
20681,2,2
20692,1,1
20963,1,1
20964,2,2
20965,2,2
20977,2,2
20978,1,1
21073,1,1
21074,1,1
21153,2,2
21179,1,1
21210,1,1
21218,1,1
21224,1,1
21225,1,1
21226,1,1
21276,2,2
21310,2,2
21314,1,1
21320,1,1
21367,2,2
21549,2,2
21576,1,1
21577,1,1
21635,1,1
21636,1,1
21664,1,1
21920,1,1
21981,1,1
22037,2,2
22073,1,1
22074,1,1
22122,1,1
22123,1,1
22141,2,2
22163,1,1
22197,1,1
22198,1,1
22199,3,3
22213,1,1
22228,1,1
22286,1,1
22293,2,2
22299,1,1
22300,1,1
22450,4,4
22453,2,2
22612,1,1
22715,1,1
22745,2,2
22852,1,1
22912,2,2
22914,2,2
22919,2,2
22952,1,1
22958,2,2
23001,2,2
23009,1,1
23010,1,1
23017,1,1
23225,1,1
23229,1,1
23255,1,1
23334,1,1
24061,2,2
24064,2,2
24129,1,1
24219,1,1
24295,1,1
24296,1,1
24304,1,1
24305,1,1
24931,1,1
24932,1,1
24983,1,1
24984,1,1
24987,2,2
25030,1,1
25031,2,2
25033,1,1
25040,2,2
25395,1,1
25868,1,1
25869,1,1
25870,1,1
25999,1,1
26164,2,2
26285,1,1
26431,2,2
26585,2,2
26646,2,2
26673,2,2
26674,1,1
26719,2,2
26722,2,2
26724,1,1
26732,1,1
26734,1,1
26735,1,1
26737,1,1
26741,1,1
26777,1,1
26821,2,2
26822,1,1
27052,1,1
27082,1,1
27099,1,1
27121,2,2
27219,2,2
27220,2,2
27305,2,2
27323,2,2
27379,1,1
27467,1,1
27557,1,1
27569,1,1
28014,1,1
28022,1,1
28040,1,1
28045,2,2
28046,2,2
28047,2,2
28048,2,2
28049,2,2
28088,1,1
28089,1,1
28176,1,1
28197,1,1
28230,1,1
28235,1,1
29004,1,1
29435,2,2
29559,1,1
29752,1,1
30112,2,2
30130,1,1
30310,1,1
30313,2,2
30494,1,1
31059,1,1
31071,2,2
31391,1,1
31502,1,1
31796,2,2
31842,1,1
31937,2,2
31938,1,1
31972,1,1
31980,1,1
32227,1,1
32395,1,1
32453,2,2
32500,2,2
32520,1,1
32538,1,1
32564,1,1
32610,1,1
32702,2,2
32751,1,1
32828,1,1
32894,1,1
32955,1,1
32956,1,1
33025,1,1
33238,2,2
33239,2,2
33308,1,1
33322,1,1
34554,1,1
34681,1,1
34686,2,2
34687,2,2
34857,3,3
35024,1,1
35140,1,1
35142,1,1
35411,1,1
35489,1,1
35491,2,2
35492,2,2
35493,1,1
35615,1,1
35623,1,1
35640,1,1
35676,1,1
35691,1,1
35958,1,1
36083,1,1
36155,2,2
36189,2,2
36190,2,2
36416,1,1
36450,1,1
36456,1,1
36906,1,1
36989,1,1
37057,2,2
37080,1,1
37091,1,1
37120,1,1
37215,1,1
37560,1,1
38119,1,1
38120,2,2
38153,1,1
38193,1,1
38194,2,2
38195,1,1
38196,2,2
38249,1,1
38269,2,2
38272,1,1
38277,3,3
38282,2,2
38283,1,1
38296,2,2
38776,1,1
38777,2,2
39299,1,1
39321,1,1
39536,1,1
39541,1,1
39554,1,1
39556,1,1
39862,1,1
39863,1,1
40037,2,2
40038,2,2
40039,1,1
40125,2,2
40261,2,2
40262,2,2
40348,1,1
40350,1,1
40625,1,1
40649,1,1
40768,1,1
40822,1,1
40823,1,1
40868,1,1
40879,1,1
40907,2,2
40973,3,3
40975,3,3
40976,4,4
41088,1,1
41147,1,1
41149,1,1
41150,1,1
41163,2,2
41166,1,1
41181,1,1
41382,1,1
41384,1,1
41386,1,1
41387,1,1
41396,1,1
41790,1,1
41941,1,1
41942,2,2
41943,2,2
41944,1,1
41945,1,1
42022,1,1
42197,1,1
42307,1,1
42308,2,2
42310,1,1
42311,2,2
42313,1,1
42316,1,1
44025,1,1
44026,1,1
44185,1,1
44223,1,1
44224,1,1
44225,1,1
44282,1,1
44363,1,1
44396,1,1
44719,1,1
44922,2,2
45176,1,1
45179,1,1
45181,2,2
45359,1,1
45444,1,1
45497,1,1
45561,2,2
45567,2,2
45636,1,1
45637,1,1
45875,1,1
45909,2,2
45923,2,2
46316,1,1
46601,2,2
46908,1,1
46926,1,1
46948,2,2
46956,1,1
46957,1,1
46958,1,1
46959,2,2
47394,2,2
47395,2,2
47406,1,1
47424,1,1
47425,1,1
47426,1,1
47504,1,1
47589,1,1
47602,1,1
47608,2,2
47609,1,1
47684,2,2
48201,2,2
49056,2,2
49343,1,1
49399,1,1
50057,1,1
50393,1,1
50457,1,1
50465,2,2
50469,1,1
50473,1,1
50513,1,1
50859,1,1
50860,1,1
50861,1,1
51010,1,1
51301,2,2
51302,2,2
51303,2,2
51304,2,2
51305,2,2
51407,1,1
51409,1,1
51463,1,1
51465,2,2
51472,1,1
51502,1,1
51509,2,2
52107,1,1
52111,1,1
52112,1,1
52343,2,2
52473,2,2
52487,1,1
52506,2,2
52872,1,1
53521,1,1
53583,1,1
53757,2,2
53761,2,2
53762,1,1
54762,2,2
55759,2,2
55927,1,1
56421,1,1
56436,1,1
56439,1,1
56444,1,1
56447,1,1
56450,1,1
57822,2,2
58254,1,1
58468,2,2
58473,2,2
58893,1,1
58895,1,1
59331,1,1
59700,1,1
59702,1,1
59913,1,1
59946,2,2
60058,1,1
60360,1,1
60362,1,1
60733,1,1
60813,1,1
60814,1,1
60958,1,1
61099,1,1
61215,1,1
61496,2,2
61628,1,1
61653,1,1
61803,1,1
61985,1,1
61989,2,2
61993,1,1
61996,1,1
62028,1,1
62039,2,2
62175,1,1
62520,2,2
62604,2,2
62732,1,1
62909,2,2
62913,2,2
62916,2,2
62925,1,1
62926,1,1
62927,1,1
62929,1,1
62930,1,1
62964,1,1
63072,1,1
63087,1,1
63729,2,2
64022,1,1
64060,1,1
64123,1,1
64149,2,2
64238,1,1
64268,1,1
64359,2,2
64698,1,1
64709,1,1
64879,1,1
65062,1,1
65442,2,2
65453,1,1
65455,1,1
65656,1,1
65726,1,1
66602,1,1
66607,1,1
66609,1,1
66696,1,1
66830,1,1
66831,2,2
66832,1,1
66844,1,1
66850,1,1
66954,1,1
67634,1,1
67652,1,1
67883,1,1
67935,2,2
67937,1,1
67980,1,1
68026,1,1
68027,1,1
68544,1,1
68550,2,2
68714,2,2
68824,1,1
68846,2,2
68848,1,1
69047,1,1
69134,2,2
69541,1,1
69619,2,2
69751,2,2
69804,1,1
69809,2,2
69845,1,1
69846,1,1
69847,1,1
69848,1,1
69849,1,1
69924,1,1
70109,1,1
70110,1,1
70144,2,2
70183,2,2
71109,1,1
71116,1,1
71303,1,1
71367,1,1
71368,1,1
71378,2,2
71396,1,1
71446,1,1
71450,1,1
71609,1,1
71760,1,1
71853,1,1
72289,1,1
72683,1,1
72730,1,1
73080,2,2
73582,1,1
73836,2,2
73851,1,1
73955,1,1
73957,1,1
73982,2,2
73988,1,1
73996,2,2
73997,2,2
73998,2,2
74009,1,1
74014,1,1
74016,1,1
74019,1,1
74020,1,1
74165,2,2
74203,1,1
74281,1,1
74285,1,1
74317,1,1
74513,3,3
74905,1,1
75437,1,1
75438,1,1
78121,2,2
78150,1,1
78264,1,1
78846,1,1
79252,2,2
79413,1,1
79418,1,1
79423,1,1
79534,2,2
79565,1,1
79601,2,2
80023,1,1
80070,1,1
80135,1,1
80137,1,1
80331,1,1
80333,1,1
80337,1,1
80491,2,2
80605,2,2
80653,1,1
80794,1,1
80925,1,1
81029,2,2
81178,1,1
81226,2,2
82613,2,2
83107,2,2
83251,1,1
83252,1,1
83253,1,1
83255,1,1
83257,1,1
83262,1,1
83272,1,1
83344,1,1
83437,1,1
83819,1,1
83900,1,1
83925,2,2
83952,2,2
84040,1,1
84041,1,1
84293,2,2
84294,2,2
84295,2,2
84383,2,2
84391,2,2
84393,1,1
84562,2,2
84572,2,2
84573,2,2
84602,2,2
84779,1,1
84882,2,2
85074,1,1
85114,1,1
85161,2,2
85162,1,1
85216,2,2
85217,2,2
85225,2,2
85400,1,1
85445,2,2
85446,2,2
85451,1,1
85530,2,2
85531,2,2
85532,2,2
85533,2,2
85534,2,2
85535,2,2
85536,2,2
85537,2,2
85538,2,2
85539,2,2
85555,1,1
85587,2,2
85664,1,1
85666,1,1
85667,2,2
85668,2,2
85669,1,1
85670,2,2
85671,1,1
85672,2,2
85710,2,2
85723,1,1
85798,1,1
85821,1,1
85845,2,2
85849,1,1
85850,1,1
85853,1,1
85854,1,1
85855,1,1
85856,1,1
85857,1,1
85858,1,1
85859,1,1
85860,1,1
85862,1,1
85865,1,1
85866,1,1
85867,1,1
85868,1,1
85869,1,1
85871,1,1
85872,1,1
85873,1,1
85874,1,1
85875,1,1
85876,1,1
85877,1,1
85878,1,1
85879,1,1
85881,1,1
85882,1,1
85883,1,1
85885,1,1
85886,1,1
85887,1,1
85888,1,1
85889,1,1
85891,1,1
85892,1,1
85894,1,1
85895,1,1
85896,1,1
85897,1,1
85898,1,1
85899,1,1
85900,1,1
85901,1,1
85902,1,1
85903,1,1
85904,1,1
85905,1,1
85908,1,1
85909,1,1
85910,1,1
85911,1,1
85912,1,1
85913,1,1
85914,1,1
85915,1,1
85916,1,1
85918,1,1
85919,1,1
85920,1,1
85921,1,1
85923,1,1
85924,1,1
85925,1,1
85926,1,1
85927,1,1
85928,1,1
85929,1,1
85930,1,1
86051,2,2
86052,2,2
86054,2,2
86055,1,1
86056,1,1
86061,1,1
86063,1,1
86139,3,3
86157,2,2
86243,1,1
86248,1,1
86427,1,1
86428,1,1
86437,1,1
86449,1,1
86454,2,2
86455,2,2
86456,2,2
86464,2,2
86503,1,1
86674,1,1
86675,1,1
86677,1,1
86741,1,1
86742,1,1
86776,1,1
86782,1,1
86830,1,1
86831,1,1
86832,2,2
86833,2,2
86856,1,1
86861,1,1
86870,1,1
86871,1,1
86873,1,1
87033,1,1
87049,1,1
87050,1,1
87051,1,1
87117,1,1
87118,1,1
87119,1,1
87156,1,1
87157,1,1
87161,1,1
87204,1,1
87207,1,1
87210,1,1
87211,1,1
87212,1,1
87256,1,1
87257,1,1
87335,1,1
87336,1,1
87337,2,2
87338,2,2
87339,1,1
87340,1,1
87341,1,1
87342,1,1
87343,2,2
87443,1,1
87662,1,1
87673,1,1
87803,1,1
87827,1,1
87828,2,2
87829,2,2
87858,1,1
87859,1,1
87860,1,1
87865,2,2
87867,1,1
87868,1,1
87869,2,2
87870,1,1
87871,2,2
87872,2,2
87913,2,2
87914,2,2
87929,2,2
87954,1,1
87956,2,2
89237,1,1
89316,1,1
89317,1,1
89370,2,2
89371,2,2
89372,2,2
89373,2,2
89374,2,2
89376,2,2
89377,2,2
89378,2,2
89380,2,2
89382,2,2
89383,2,2
89384,2,2
89385,2,2
89386,2,2
89387,2,2
89431,1,1
89436,1,1
89437,1,1
89445,1,1
89446,1,1
89447,1,1
89448,1,1
89449,1,1
89450,1,1
89451,1,1
89453,1,1
89454,1,1
89455,1,1
89469,2,2
89585,1,1
89607,1,1
89608,1,1
89609,1,1
89684,1,1
89763,1,1
89770,2,2
89795,1,1
89797,1,1
89819,1,1
89834,2,2
89871,1,1
89875,1,1
89910,1,1
89912,1,1
89930,1,1
89931,1,1
89932,1,1
89941,2,2
89975,1,1
89976,1,1
89977,1,1
89979,1,1
89980,1,1
89981,2,2
90123,2,2
90124,2,2
90125,2,2
90126,2,2
90127,2,2
90128,2,2
90129,2,2
90130,3,3
90131,3,3
90133,2,2
90134,2,2
90135,2,2
90136,2,2
90137,2,2
90138,2,2
90139,2,2
90140,2,2
90141,2,2
90142,2,2
90143,2,2
90144,2,2
90145,2,2
90146,1,1
90147,1,1
90148,1,1
90149,1,1
90150,2,2
90151,1,1
90152,2,2
90153,1,1
90154,1,1
90155,1,1
90156,1,1
90157,1,1
90158,1,1
90159,1,1
90160,1,1
90161,1,1
90162,1,1
90163,1,1
90164,1,1
90165,2,2
90166,2,2
90167,1,1
90168,1,1
90169,2,2
90170,1,1
90171,1,1
90172,1,1
90173,1,1
90174,2,2
90175,2,2
90176,2,2
90177,2,2
90178,1,1
90179,2,2
90180,1,1
90181,2,2
90182,1,1
90199,1,1
90206,1,1
90212,1,1
90213,1,1
90214,1,1
90333,1,1
91788,1,1
91789,2,2
91801,1,1
91885,1,1
91887,1,1
91888,1,1
91890,1,1
91891,1,1
91892,1,1
91975,1,1
91976,1,1
92078,1,1
92104,1,1
92194,1,1
92196,2,2
92231,1,1
92232,1,1
92280,1,1
92309,1,1
92344,1,1
92345,1,1
92346,1,1
92347,1,1
92348,1,1
92349,1,1
92419,3,3
96895,2,2
96896,3,3
96897,3,3
96903,1,1
96904,1,1
96905,1,1
96930,2,2
96941,2,2
96947,1,1
96948,1,1
97006,1,1
97038,2,2
97040,2,2
97041,2,2
97044,2,2
97045,2,2
97193,2,2
97194,1,1
97308,1,1
97309,1,1
97310,1,1
97311,1,1
97312,1,1
98036,1,1
98037,2,2
98180,1,1
98181,1,1
98518,2,2
98704,1,1
98747,1,1
98916,1,1
99128,2,2
99204,1,1
99207,1,1
99375,1,1
99561,1,1
99562,1,1
99733,1,1
99751,2,2
99875,1,1
99876,1,1
99877,1,1
99878,1,1
99880,1,1
99881,1,1
99910,1,1
100014,2,2
100015,2,2
100043,1,1
100047,2,2
100131,1,1
100284,2,2
100287,2,2
100288,2,2
100296,1,1
100297,1,1
100518,1,1
100519,2,2
100520,2,2
100726,1,1
100727,1,1
100728,1,1
100729,1,1
100731,1,1
100732,1,1
100733,1,1
100734,1,1
100735,2,2
100798,3,3
100862,1,1
100863,1,1
100864,1,1
100865,1,1
100867,1,1
100869,1,1
100896,1,1
100935,1,1
101040,1,1
101041,1,1
101161,1,1
101283,1,1
101285,1,1
101287,2,2
101289,1,1
101290,1,1
101291,1,1
101292,2,2
101293,1,1
101294,1,1
101295,1,1
101296,1,1
101865,2,2
101866,2,2
101914,1,1
101918,1,1
101920,2,2
101921,2,2
102252,1,1
102254,2,2
102317,1,1
102318,1,1
102417,2,2
102540,2,2
102724,2,2
102725,2,2
102726,2,2
102782,1,1
102783,1,1
102797,1,1
102798,1,1
102862,1,1
102878,1,1
102885,2,2
102887,2,2
102888,1,1
102889,2,2
102890,1,1
102891,2,2
102892,1,1
102907,1,1
102935,1,1
102936,1,1
103071,1,1
103834,1,1
103836,1,1
103838,1,1
104061,1,1
104075,2,2
104099,1,1
104123,1,1
104177,1,1
104358,1,1
104374,1,1
104380,1,1
104381,2,2
104382,1,1
104442,2,2
104447,1,1
104448,1,1
104449,1,1
104450,1,1
104454,2,2
104562,2,2
104834,1,1
104967,1,1
105072,2,2
105073,2,2
105198,2,2
105239,2,2
105297,2,2
105298,1,1
105299,2,2
105302,1,1
105303,1,1
105304,1,1
105305,1,1
105306,1,1
105307,1,1
105308,1,1
105309,1,1
105310,1,1
105311,1,1
105312,1,1
105313,1,1
105314,1,1
105510,1,1
105511,1,1
105530,1,1
105533,1,1
105535,1,1
105539,1,1
105540,2,2
105541,1,1
105543,1,1
105545,2,2
105547,1,1
105549,2,2
105551,2,2
105556,1,1
105587,1,1
105590,1,1
105591,1,1
105592,1,1
105598,1,1
105648,1,1
105776,1,1
105793,1,1
105807,2,2
105808,2,2
105810,2,2
105811,2,2
105812,2,2
105814,1,1
105946,2,2
105947,1,1
105948,1,1
105952,2,2
105956,1,1
105958,2,2
105959,2,2
105961,2,2
105962,4,4
105980,1,1
105987,1,1
106091,1,1
106094,1,1
106100,1,1
106105,1,1
106171,1,1
106172,1,1
106334,2,2
106373,1,1
106405,1,1
106941,2,2
106948,1,1
106950,1,1
106951,1,1
106952,1,1
106953,1,1
107023,1,1
107091,1,1
107092,1,1
107145,1,1
107146,1,1
107147,1,1
107181,1,1
107183,1,1
107184,1,1
107186,1,1
107194,2,2
107195,2,2
107196,1,1
107197,1,1
107198,1,1
107199,1,1
107201,1,1
107252,1,1
107253,1,1
107265,1,1
107387,1,1
107388,1,1
107389,1,1
107398,1,1
107505,2,2
107551,2,2
107696,2,2
107707,1,1
107721,1,1
107883,1,1
107885,1,1
107888,1,1
107969,1,1
107970,1,1
107971,1,1
107975,1,1
107977,1,1
108080,2,2
108098,1,1
108121,1,1
108221,2,2
108226,2,2
108229,1,1
108230,1,1
108231,2,2
108389,1,1
108390,1,1
108391,1,1
108393,1,1
108396,1,1
108397,1,1
108399,1,1
108401,1,1
108402,1,1
108403,1,1
108404,1,1
108405,1,1
108406,2,2
108408,2,2
108475,1,1
108478,1,1
108483,1,1
108484,1,1
108485,1,1
108486,1,1
108491,1,1
108492,1,1
108493,1,1
108494,1,1
108495,1,1
108497,1,1
108499,1,1
108500,1,1
108502,1,1
108503,1,1
108504,1,1
108505,1,1
108506,1,1
108507,1,1
108508,1,1
108509,1,1
108566,1,1
108641,3,3
108674,1,1
108675,1,1
108697,1,1
108698,1,1
108699,1,1
108700,1,1
108870,1,1
108895,2,2
108938,1,1
108939,1,1
109014,1,1
109015,1,1
109016,1,1
109017,1,1
109018,2,2
109019,2,2
109020,1,1
109021,1,1
109023,1,1
109024,2,2
109025,2,2
109026,2,2
109027,2,2
109028,1,1
109043,1,1
109144,1,1
109148,1,1
109152,1,1
109291,1,1
109292,1,1
109293,1,1
109294,1,1
109295,2,2
109372,1,1
109428,1,1
110060,2,2
110169,1,1
110170,2,2
110181,1,1
110182,1,1
110186,1,1
110187,1,1
110188,1,1
110189,1,1
110190,2,2
110191,2,2
110203,2,2
110299,1,1
110301,1,1
110494,2,2
110495,1,1
110496,1,1
110497,2,2
110498,2,2
110499,1,1
110500,1,1
110501,1,1
110502,1,1
110505,1,1
110507,1,1
110509,1,1
110512,1,1
110513,1,1
110515,1,1
110661,1,1
110734,2,2
110833,2,2
110834,2,2
111190,1,1
111191,2,2
111195,1,1
111197,1,1
111199,1,1
111202,1,1
111207,2,2
111215,1,1
111395,1,1
111499,1,1
111512,1,1
111517,1,1
111518,1,1
111532,1,1
111533,1,1
111534,1,1
111535,1,1
111536,1,1
111537,1,1
111538,1,1
111539,1,1
111540,1,1
111603,1,1
111813,1,1
111816,1,1
111933,2,2
111934,2,2
112102,1,1
112103,1,1
112104,1,1
112105,1,1
112106,1,1
112107,1,1
112108,1,1
112109,1,1
112110,1,1
112111,1,1
112155,1,1
112156,2,2
112205,1,1
112213,2,2
112228,1,1
112245,2,2
112246,2,2
112250,2,2
112269,1,1
112270,1,1
112666,2,2
112733,1,1
112744,2,2
112760,1,1
112761,1,1
112762,1,1
112829,1,1
112831,1,1
112833,1,1
112835,1,1
112837,2,2
112839,2,2
112840,2,2
112841,1,1
112842,1,1
112843,2,2
112844,1,1
112846,3,3
112847,2,2
112857,1,1
112859,1,1
112896,1,1
112917,1,1
112918,1,1
112926,2,2
112927,2,2
113020,1,1
113155,1,1
113156,1,1
113157,1,1
113158,1,1
113159,1,1
113385,1,1
113387,1,1
113498,1,1
113499,1,1
113547,1,1
113557,1,1
113558,1,1
113559,1,1
113560,1,1
113565,1,1
113694,2,2
113695,2,2
113696,2,2
113697,2,2
113862,1,1
113865,2,2
113933,2,2
113934,2,2
113965,1,1
114022,1,1
114023,1,1
114025,2,2
114026,1,1
114027,1,1
114028,1,1
114029,1,1
114030,2,2
114031,1,1
114032,1,1
114033,1,1
114034,1,1
114035,1,1
114036,1,1
114049,1,1
114050,2,2
114051,2,2
114116,1,1
114119,1,1
114120,1,1
114121,1,1
114122,1,1
114125,1,1
114126,1,1
114128,2,2
114129,1,1
114142,1,1
114276,2,2
114277,2,2
114278,2,2
114279,2,2
114280,2,2
114281,2,2
114284,2,2
114286,2,2
114287,2,2
114289,2,2
114290,2,2
114291,2,2
114292,1,1
114295,2,2
114296,1,1
114297,1,1
114298,1,1
114299,1,1
114300,1,1
114306,1,1
114308,2,2
114309,1,1
114312,2,2
114313,2,2
114380,2,2
114415,1,1
114416,1,1
114417,1,1
114418,1,1
114419,1,1
114420,1,1
114426,1,1
114427,1,1
114429,1,1
114462,2,2
114723,3,3
114732,3,3
114733,2,2
114734,2,2
115241,1,1
115491,1,1
115495,1,1
115501,1,1
115516,1,1
115518,1,1
115523,1,1
115524,1,1
115557,1,1
115616,1,1
115617,1,1
115618,1,1
115619,1,1
115783,2,2
115786,1,1
115902,1,1
115905,1,1
115918,2,2
115972,1,1
115973,2,2
115974,1,1
115975,1,1
116104,1,1
116105,1,1
116106,1,1
116107,1,1
116108,1,1
116110,1,1
116111,1,1
116112,1,1
116115,1,1
116116,1,1
116118,1,1
116119,1,1
116120,1,1
116121,1,1
116123,1,1
116124,1,1
116126,1,1
116131,1,1
116153,1,1
116154,1,1
116165,1,1
116166,1,1
116168,1,1
116170,1,1
116186,1,1
116194,1,1
116204,1,1
116206,1,1
116209,1,1
116214,1,1
116217,1,1
116218,1,1
116226,1,1
116227,1,1
116228,1,1
116229,1,1
116230,1,1
116238,1,1
116248,1,1
116250,1,1
116256,1,1
116260,1,1
116261,1,1
116265,1,1
116276,1,1
116278,1,1
116284,1,1
116294,1,1
116301,1,1
116310,1,1
116313,1,1
116320,1,1
116323,1,1
116327,1,1
116333,1,1
116342,1,1
116350,1,1
116354,1,1
116360,1,1
116363,1,1
116364,1,1
116365,1,1
116367,1,1
116368,1,1
116369,1,1
116370,1,1
116372,1,1
116373,1,1
116374,1,1
116381,1,1
116382,1,1
116385,1,1
116386,1,1
116389,1,1
116390,1,1
116391,1,1
116392,1,1
116393,1,1
116394,1,1
116396,1,1
116398,1,1
116401,1,1
116409,1,1
116410,1,1
116411,1,1
116412,1,1
116414,1,1
116415,1,1
116419,1,1
116420,1,1
116422,1,1
116423,1,1
116424,1,1
116425,1,1
116426,1,1
116427,1,1
116428,1,1
116429,1,1
116430,1,1
116432,1,1
116437,1,1
116439,1,1
116440,1,1
116441,1,1
116442,1,1
116443,1,1
116444,1,1
116445,1,1
116446,1,1
116448,1,1
116449,1,1
116450,1,1
116451,1,1
116453,1,1
116455,1,1
116457,1,1
116470,1,1
116479,1,1
116481,1,1
116484,1,1
116485,1,1
116486,1,1
116488,1,1
116490,1,1
116491,1,1
116495,1,1
116499,1,1
116501,1,1
116503,1,1
116506,1,1
116507,1,1
116512,1,1
116514,1,1
116516,1,1
116517,1,1
116525,1,1
116526,1,1
116527,1,1
116529,1,1
116530,1,1
116538,1,1
116541,1,1
116547,1,1
116584,1,1
116585,1,1
116586,1,1
116587,1,1
116588,1,1
116589,1,1
116590,1,1
116591,1,1
116592,1,1
116593,1,1
116594,1,1
116595,1,1
116596,1,1
116597,1,1
116598,1,1
116599,1,1
116600,1,1
116601,1,1
116602,1,1
116603,1,1
116604,1,1
116605,1,1
116606,1,1
116608,1,1
116618,1,1
116621,1,1
116628,1,1
116635,1,1
116636,1,1
116637,1,1
116639,1,1
116648,1,1
116649,1,1
116650,1,1
116660,1,1
116661,1,1
116666,1,1
116667,1,1
116668,1,1
116669,1,1
116670,1,1
116672,1,1
116673,1,1
116674,1,1
116675,1,1
116676,1,1
116677,1,1
116678,1,1
116679,1,1
116680,1,1
116681,1,1
116688,1,1
116692,1,1
116693,1,1
116694,1,1
116695,1,1
116696,1,1
116697,1,1
116698,1,1
116699,1,1
116700,1,1
116701,1,1
116702,1,1
116703,1,1
116706,1,1
116707,1,1
116711,1,1
116714,1,1
116715,1,1
116716,1,1
116717,1,1
116720,1,1
116721,1,1
116722,1,1
116723,1,1
116724,1,1
116725,1,1
116727,1,1
116728,1,1
116730,1,1
116732,1,1
116733,1,1
116739,1,1
116743,1,1
116745,1,1
116747,1,1
116751,1,1
116752,1,1
116756,1,1
116758,1,1
116760,1,1
116764,1,1
116765,1,1
116766,1,1
116767,1,1
116768,1,1
116770,1,1
116773,1,1
116776,1,1
116778,1,1
116781,1,1
116786,1,1
116789,1,1
116790,1,1
116795,1,1
116796,1,1
116797,1,1
116798,1,1
116799,1,1
116800,1,1
116803,1,1
116808,1,1
116816,1,1
116818,1,1
116822,1,1
116835,1,1
116853,1,1
116854,1,1
116855,1,1
116868,1,1
116879,2,2
116898,1,1
116926,1,1
116946,2,2
117046,1,1
117049,1,1
117061,1,1
117095,3,3
117097,2,2
117098,2,2
117100,2,2
117101,2,2
117103,2,2
117104,2,2
117105,2,2
117148,1,1
117318,1,1
117319,1,1
117321,1,1
117413,2,2
117417,2,2
117721,2,2
117767,2,2
117770,2,2
117773,2,2
117776,2,2
117779,2,2
117782,2,2
117785,2,2
117788,2,2
117791,2,2
117794,2,2
117801,2,2
117803,1,1
117811,1,1
117812,1,1
117813,2,2
117814,2,2
117815,2,2
117816,2,2
117863,2,2
117865,2,2
117867,2,2
117869,3,3
117871,3,3
117876,2,2
117878,2,2
117880,2,2
117882,2,2
117887,2,2
117889,2,2
117891,2,2
117893,3,3
117895,2,2
117897,2,2
117899,2,2
117901,2,2
117903,2,2
117905,4,4
117926,1,1
117927,2,2
117928,1,1
117929,2,2
118011,1,1
118012,1,1
118032,1,1
118040,1,1
118072,2,2
118073,1,1
118084,1,1
118089,2,2
118296,1,1
118297,1,1
118298,1,1
118299,1,1
118300,1,1
118301,1,1
118312,2,2
118313,2,2
118314,1,1
118315,2,2
118317,2,2
118321,1,1
118327,1,1
118328,1,1
118330,2,2
118360,2,2
118422,1,1
118483,2,2
118614,1,1
118615,1,1
118628,2,2
118636,1,1
118709,1,1
118710,1,1
118711,1,1
118732,1,1
118734,1,1
118736,1,1
118738,1,1
118742,1,1
118743,2,2
118850,2,2
118864,1,1
118870,3,3
118910,3,3
118911,3,3
118912,3,3
118952,1,1
118956,1,1
118979,2,2
118993,1,1
119021,1,1
119059,2,2
119061,2,2
119223,1,1
119224,1,1
119295,1,1
119296,1,1
119718,1,1
119816,2,2
119906,2,2
119910,1,1
119950,1,1
120162,2,2
120179,2,2
120180,2,2
120181,2,2
120182,2,2
120183,2,2
120184,2,2
120185,2,2
120186,2,2
120187,2,2
120188,2,2
120189,2,2
120190,2,2
120191,2,2
120192,2,2
120193,2,2
120194,2,2
120196,1,1
120197,1,1
120198,1,1
120199,1,1
120200,1,1
120201,1,1
120202,1,1
120203,1,1
120204,1,1
120207,1,1
120219,1,1
120313,1,1
120316,1,1
120317,1,1
120387,1,1
120515,1,1
120516,1,1
120517,1,1
120518,2,2
120867,2,2
120933,1,1
121148,2,2
121478,1,1
121479,2,2
121480,2,2
121508,2,2
121509,2,2
121510,2,2
121511,2,2
121707,1,1
121708,1,1
121730,1,1
121731,1,1
121747,1,1
121748,1,1
121763,2,2
121764,2,2
121771,2,2
121772,2,2
121799,1,1
121800,1,1
121803,1,1
121804,1,1
121807,1,1
121808,1,1
121852,1,1
121861,1,1
121870,1,1
121946,2,2
121962,1,1
121974,3,3
122033,1,1
122036,1,1
122162,2,2
122163,3,3
122164,3,3
122165,1,1
122166,1,1
122167,1,1
122168,1,1
122169,1,1
122170,2,2
122171,3,3
122172,1,1
122246,3,3
122247,3,3
122287,1,1
122288,1,1
122289,1,1
122290,1,1
122291,1,1
122292,1,1
122293,1,1
122294,1,1
122471,2,2
122472,2,2
122488,2,2
122489,2,2
122490,2,2
122491,2,2
122492,2,2
122493,2,2
122494,2,2
122495,2,2
122496,2,2
122497,2,2
122498,2,2
122499,2,2
122500,2,2
122523,2,2
122525,2,2
122697,2,2
122699,2,2
122844,1,1
122845,1,1
122874,1,1
122953,1,1
122954,1,1
122955,1,1
122956,1,1
122964,1,1
122966,1,1
122971,1,1
122981,1,1
122991,1,1
123106,1,1
123107,1,1
123108,1,1
123109,1,1
123110,1,1
123111,1,1
123112,1,1
123113,1,1
123136,3,3
123295,1,1
123589,1,1
123611,2,2
123612,2,2
123613,2,2
123614,2,2
123615,2,2
123628,1,1
123632,1,1
123635,1,1
123636,1,1
123638,1,1
124068,1,1
124069,1,1
124096,2,2
124180,1,1
124364,1,1
124374,1,1
124406,2,2
124619,1,1
124622,1,1
124623,1,1
124624,1,1
124658,2,2
124667,1,1
124690,1,1
124691,1,1
124692,1,1
124693,1,1
124694,1,1
124695,1,1
124770,1,1
124882,1,1
124930,2,2
124937,1,1
124948,1,1
124949,1,1
124970,1,1
124971,1,1
124972,1,1
124974,2,2
124975,2,2
125177,2,2
125178,2,2
125179,2,2
125593,1,1
125594,1,1
125599,1,1
125690,1,1
125714,2,2
125850,1,1
125851,1,1
125852,1,1
125886,1,1
125887,1,1
125888,1,1
125889,1,1
125890,1,1
125891,1,1
125892,1,1
125893,1,1
125894,1,1
125895,1,1
125896,1,1
125897,1,1
125898,1,1
125899,1,1
125900,1,1
125901,1,1
125902,1,1
125903,1,1
125904,1,1
125905,1,1
125906,1,1
125907,1,1
125908,1,1
125909,1,1
125910,1,1
125911,1,1
125912,1,1
125913,1,1
125914,1,1
125915,1,1
125916,1,1
125917,1,1
125918,1,1
125920,1,1
125921,1,1
125922,1,1
125923,1,1
125924,1,1
125925,1,1
125926,1,1
125928,1,1
125929,1,1
125930,1,1
125931,1,1
125932,1,1
125933,1,1
125934,1,1
125935,1,1
125937,1,1
125938,1,1
125939,1,1
125940,1,1
125941,1,1
125942,1,1
125943,1,1
125944,1,1
125945,1,1
125946,1,1
125947,1,1
125948,1,1
125949,1,1
125950,1,1
125951,1,1
125952,1,1
125953,1,1
125954,1,1
125955,1,1
125956,1,1
125957,1,1
125958,1,1
125959,1,1
125960,1,1
125961,1,1
125962,1,1
125964,1,1
125965,1,1
125966,1,1
125968,1,1
125969,1,1
125970,1,1
125971,1,1
125972,1,1
125973,1,1
125974,1,1
125975,1,1
125976,1,1
125977,1,1
125978,1,1
125979,1,1
125980,1,1
125981,1,1
125984,1,1
125985,1,1
125986,1,1
125987,1,1
125988,1,1
125989,1,1
125990,1,1
125991,1,1
125992,1,1
125993,1,1
125994,1,1
125995,1,1
125996,1,1
125997,1,1
125998,1,1
125999,1,1
126000,1,1
126001,1,1
126462,1,1
126463,1,1
126493,2,2
126494,2,2
126542,2,2
126543,1,1
126544,1,1
126546,2,2
126547,2,2
126552,2,2
126553,1,1
126581,2,2
126686,1,1
126692,1,1
126693,1,1
127108,1,1
127110,1,1
127111,1,1
127190,2,2
127191,2,2
127278,1,1
127279,1,1
127282,1,1
127283,1,1
127288,1,1
127460,1,1
127504,2,2
127505,2,2
127506,1,1
127507,2,2
127508,1,1
127509,1,1
127510,2,2
127511,1,1
127527,1,1
127528,1,1
127588,1,1
127589,1,1
127591,2,2
127612,1,1
127621,1,1
127622,1,1
127626,1,1
127627,1,1
127628,1,1
127633,3,3
127638,2,2
127659,1,1
127660,1,1
127661,1,1
127662,1,1
127663,2,2
127856,1,1
127857,1,1
127888,1,1
128036,1,1
128053,1,1
128054,1,1
128059,1,1
128069,2,2
128075,1,1
128076,1,1
128077,1,1
128078,1,1
128079,1,1
128080,1,1
128081,1,1
128082,1,1
128083,1,1
128084,1,1
128085,1,1
128086,1,1
128087,1,1
128150,1,1
128151,1,1
128230,3,3
128231,3,3
128253,1,1
128254,2,2
128255,1,1
128256,2,2
128257,2,2
128272,2,2
128273,2,2
128274,1,1
128275,1,1
128277,1,1
128327,2,2
128328,2,2
128386,1,1
128426,1,1
128507,1,1
128551,1,1
128652,1,1
128660,1,1
128812,1,1
128813,1,1
128814,1,1
128815,1,1
128816,1,1
128817,1,1
128818,1,1
128819,2,2
128820,2,2
128821,2,2
128822,2,2
128823,2,2
128838,1,1
128839,1,1
128840,1,1
128871,1,1
128872,1,1
128873,1,1
128874,1,1
128875,1,1
128958,1,1
128960,1,1
129092,2,2
129274,2,2
129435,1,1
129442,1,1
129443,1,1
129471,1,1
129472,1,1
129475,1,1
129476,1,1
129477,1,1
129478,1,1
129479,1,1
129483,1,1
129488,1,1
129494,1,1
129640,1,1
129641,1,1
129667,2,2
129668,2,2
129706,1,1
129708,1,1
129751,2,2
129761,2,2
129767,2,2
129769,2,2
129770,2,2
129773,2,2
129822,1,1
129823,1,1
129824,1,1
129825,1,1
129826,1,1
129827,1,1
129838,1,1
129839,1,1
129894,1,1
129909,1,1
130279,2,2
130934,2,2
130935,2,2
130975,1,1
130977,1,1
130981,1,1
130982,1,1
130983,1,1
131132,1,1
131133,1,1
131134,1,1
131201,1,1
131202,1,1
131203,1,1
131204,1,1
131205,1,1
131206,1,1
131207,1,1
131299,2,2
131300,2,2
131314,2,2
131315,2,2
131316,2,2
131389,3,3
131391,1,1
131484,1,1
131499,2,2
131501,1,1
131682,1,1
131683,1,1
131684,1,1
131701,1,1
131703,2,2
132360,1,1
132389,2,2
132393,2,2
132397,2,2
132398,2,2
132399,2,2
132400,2,2
132407,3,3
132408,2,2
132409,2,2
132410,2,2
132411,2,2
132412,2,2
132414,1,1
132594,2,2
132598,2,2
132600,2,2
132601,2,2
132602,2,2
132603,2,2
132604,2,2
132605,2,2
132643,1,1
132644,1,1
132645,1,1
132646,1,1
132647,1,1
132648,1,1
132649,1,1
132650,1,1
132651,1,1
132652,1,1
132653,1,1
132715,1,1
132716,1,1
132717,1,1
132943,1,1
132944,1,1
132945,1,1
132946,1,1
132963,1,1
132964,1,1
132965,1,1
132967,1,1
132974,2,2
133017,1,1
133018,1,1
133022,1,1
133023,1,1
133025,1,1
133026,1,1
133027,1,1
133028,1,1
133045,2,2
133046,2,2
133078,1,1
133079,1,1
133080,1,1
133273,1,1
133274,1,1
133282,2,2
133385,1,1
133387,1,1
133458,1,1
133461,1,1
133506,1,1
133566,1,1
133608,1,1
133744,1,1
133745,1,1
133747,1,1
133751,1,1
133752,1,1
133766,1,1
133767,1,1
133784,1,1
133785,1,1
133808,1,1
133815,2,2
133816,1,1
133817,1,1
133818,1,1
133819,1,1
133820,1,1
133821,1,1
133822,1,1
133823,1,1
133824,1,1
133825,1,1
133854,1,1
133856,1,1
133858,2,2
133860,2,2
133922,1,1
133923,1,1
133926,1,1
133927,2,2
133928,1,1
133929,2,2
133962,1,1
133977,2,2
133980,1,1
133983,3,3
134128,2,2
134129,2,2
134130,2,2
134131,2,2
134133,2,2
134134,2,2
134135,2,2
134136,2,2
134137,2,2
134138,2,2
134142,2,2
134150,1,1
134151,1,1
134152,1,1
134153,1,1
134154,1,1
134155,1,1
134159,2,2
134160,2,2
134161,1,1
134162,1,1
134164,1,1
134165,1,1
134166,2,2
134167,2,2
134168,2,2
134170,1,1
134171,1,1
134175,1,1
134189,1,1
134197,2,2
134226,1,1
134310,1,1
134603,2,2
134661,2,2
134662,1,1
134665,1,1
134666,1,1
134667,1,1
134679,1,1
134702,2,2
134703,2,2
134706,2,2
134709,2,2
134710,2,2
134711,2,2
134712,2,2
134832,1,1
134857,1,1
134858,1,1
134859,1,1
134860,1,1
134863,1,1
134864,1,1
134865,2,2
134866,1,1
134867,1,1
134868,1,1
134869,1,1
134903,1,1
134905,2,2
134906,2,2
134907,1,1
134910,2,2
134911,1,1
134959,1,1
134962,1,1
134984,1,1
134987,1,1
134988,1,1
134989,2,2
134990,2,2
134991,1,1
134997,2,2
134998,2,2
135046,3,3
135049,2,2
135263,2,2
135264,2,2
135265,1,1
135299,2,2
135339,2,2
135402,1,1
135403,1,1
135404,1,1
135428,1,1
135429,1,1
135459,2,2
135461,2,2
135463,2,2
135474,1,1
135561,1,1
135605,1,1
135612,2,2
135631,1,1
135670,1,1
135671,1,1
135672,2,2
135673,1,1
135682,2,2
135683,2,2
135684,2,2
135685,2,2
135688,2,2
135689,2,2
135690,2,2
135691,2,2
135766,3,3
135812,3,3
135932,1,1
135935,2,2
135994,2,2
135995,1,1
135996,2,2
135997,2,2
135998,2,2
135999,2,2
136000,2,2
136001,2,2
136002,2,2
136003,2,2
136004,2,2
136005,2,2
136085,1,1
136086,1,1
136098,1,1
136134,1,1
136316,1,1
136318,2,2
136319,1,1
136320,1,1
136323,1,1
136325,2,2
136337,3,3
136457,2,2
136477,1,1
136618,1,1
136620,1,1
136625,1,1
136626,1,1
136627,1,1
136936,2,2
136996,1,1
136997,1,1
136998,1,1
137055,2,2
137063,2,2
137188,3,3
137708,2,2
137709,2,2
137734,2,2
137764,1,1
137765,1,1
137812,1,1
137813,2,2
137814,1,1
137815,2,2
137816,1,1
137817,2,2
137818,1,1
137819,2,2
137820,1,1
137821,2,2
137822,2,2
137823,1,1
137824,1,1
137825,2,2
137880,2,2
137925,1,1
137926,1,1
137927,1,1
137929,2,2
138000,1,1
138001,1,1
138002,1,1
138003,1,1
138004,1,1
138005,1,1
138006,1,1
138007,1,1
138152,2,2
138261,1,1
138293,1,1
138294,1,1
138334,2,2
138363,3,3
138364,1,1
138582,2,2
138583,2,2
138584,3,3
139354,1,1
139355,1,1
139605,1,1
139638,1,1
139639,1,1
139640,1,1
139641,1,1
139648,2,2
139649,2,2
139683,1,1
139779,1,1
139835,1,1
139836,1,1
139870,2,2
139871,2,2
139968,1,1
139987,1,1
139988,1,1
139989,1,1
139990,1,1
139991,1,1
139992,1,1
139993,1,1
139994,1,1
139995,1,1
139996,1,1
139997,1,1
139998,2,2
139999,2,2
140000,2,2
140001,2,2
140025,2,2
140026,1,1
140027,2,2
140030,1,1
140032,4,4
140047,1,1
140083,2,2
140251,1,1
140252,1,1
140253,1,1
140254,1,1
140255,1,1
140256,1,1
140257,1,1
140258,1,1
140261,1,1
140266,1,1
140268,1,1
140272,1,1
140288,1,1
140424,1,1
140425,1,1
140532,3,3
140533,3,3
140534,3,3
140535,3,3
140566,1,1
140605,1,1
140606,2,2
140607,1,1
140608,2,2
140658,3,3
140659,3,3
140729,3,3
140730,3,3
140731,3,3
140732,1,1
140733,1,1
140735,1,1
140736,1,1
140737,1,1
140738,1,1
140739,1,1
140740,1,1
140741,1,1
140742,1,1
140832,2,2
140833,2,2
140879,2,2
140880,1,1
140881,1,1
140882,1,1
140883,2,2
140884,1,1
140885,1,1
140886,1,1
140887,2,2
140888,1,1
140890,1,1
141024,2,2
141091,2,2
141148,1,1
141164,1,1
141191,2,2
141192,2,2
141395,1,1
145132,1,1
145770,1,1
145810,3,3
145811,3,3
145814,3,3
145815,3,3
145848,1,1
145874,2,2
145881,1,1
145882,1,1
145883,1,1
145884,1,1
145885,1,1
145892,2,2
145910,1,1
145911,1,1
145912,1,1
145913,1,1
145919,1,1
145920,2,2
145921,1,1
145922,1,1
145923,1,1
145924,2,2
145925,1,1
145926,2,2
145927,1,1
145928,1,1
145988,1,1
145999,1,1
146001,1,1
146040,1,1
146041,2,2
146049,1,1
146061,1,1
146119,1,1
146134,1,1
146143,2,2
146144,2,2
146166,2,2
146315,1,1
146316,1,1
146318,2,2
146349,2,2
146353,1,1
146415,1,1
146446,1,1
146484,1,1
146542,1,1
146547,1,1
146581,1,1
146582,2,2
146583,1,1
146604,1,1
146654,1,1
146676,1,1
146681,2,2
146692,1,1
146709,1,1
146740,2,2
146761,2,2
146766,1,1
146775,2,2
146776,1,1
146777,1,1
146784,1,1
146785,1,1
146788,2,2
146825,2,2
146843,1,1
146855,2,2
146882,1,1
146884,1,1
146890,2,2
147022,1,1
147079,1,1
147091,2,2
147092,1,1
147103,2,2
147110,1,1
147122,1,1
147235,2,2
147250,1,1
147262,1,1
147331,3,3
147376,1,1
147394,1,1
147444,1,1
147455,1,1
147482,1,1
147501,2,2
147540,2,2
147604,1,1
147628,1,1
147650,2,2
147662,1,1
147698,1,1
147732,1,1
147805,1,1
147808,2,2
147813,2,2
147835,1,1
147845,1,1
147860,1,1
147889,1,1
147891,1,1
147892,1,1
147893,1,1
147902,1,1
147903,1,1
147905,1,1
147907,1,1
147908,1,1
148046,2,2
148136,2,2
148201,2,2
148304,1,1
148307,1,1
148309,2,2
148310,2,2
148311,2,2
148312,2,2
148313,1,1
148384,2,2
148447,1,1
148569,1,1
148575,1,1
148577,1,1
148687,2,2
148799,1,1
148804,2,2
148883,2,2
148884,1,1
148902,1,1
148903,2,2
148904,1,1
148918,1,1
148919,1,1
148920,1,1
149696,1,1
149697,1,1
149722,1,1
153001,1,1
153010,2,2
153071,1,1
153163,2,2
153164,2,2
153165,2,2
153185,2,2
153186,1,1
153187,1,1
153191,1,1
153197,2,2
153198,2,2
153203,2,2
153205,2,2
153206,1,1
153946,1,1
153948,1,1
153949,1,1
153966,2,2
154004,2,2
154066,2,2
154067,2,2
154088,2,2
154089,2,2
154195,3,3
154265,2,2
154373,1,1
154374,1,1
154399,1,1
154469,2,2
154875,1,1
154914,1,1
154939,1,1
154962,1,1
154970,1,1
154971,1,1
154972,1,1
154973,1,1
154974,1,1
154975,1,1
154976,1,1
154977,1,1
154978,1,1
154979,1,1
154988,1,1
154989,1,1
154990,1,1
154991,1,1
154992,1,1
154993,1,1
154994,1,1
154995,1,1
154996,1,1
154997,1,1
154998,1,1
154999,1,1
155000,1,1
155001,1,1
155003,1,1
155004,1,1
155005,1,1
155007,1,1
155008,1,1
155009,1,1
155010,1,1
155012,1,1
155013,1,1
155032,1,1
155033,1,1
155034,1,1
155035,1,1
155037,1,1
155115,2,2
155116,2,2
155122,1,1
155123,2,2
155128,1,1
155182,1,1
155184,1,1
155185,1,1
155186,1,1
155187,1,1
155188,1,1
155189,1,1
155247,1,1
155248,1,1
155249,1,1
155250,1,1
155264,1,1
155265,1,1
155285,1,1
155286,1,1
155289,1,1
155290,1,1
155291,1,1
155308,2,2
155309,1,1
155310,1,1
155311,1,1
155312,1,1
155313,1,1
156403,2,2
156407,1,1
156414,2,2
156417,2,2
156435,2,2
157733,1,1
157734,1,1
157735,2,2
157746,3,3
157753,1,1
157754,2,2
157755,1,1
157756,1,1
157765,2,2
157949,1,1
157950,1,1
157952,1,1
158000,1,1
158068,1,1
158069,1,1
158091,2,2
158123,2,2
158221,3,3
158222,3,3
158432,3,3
158577,1,1
158652,1,1
158699,1,1
158749,2,2
158750,2,2
158959,1,1
159088,2,2
159096,1,1
159097,6,6
159291,1,1
159292,1,1
159293,1,1
159294,1,1
159436,2,2
159607,1,1
159626,1,1
159627,1,1
159628,1,1
159632,1,1
159638,1,1
159639,1,1
159654,1,1
159666,1,1
159667,1,1
159668,1,1
159754,2,2
159781,1,1
159787,1,1
159792,1,1
159892,1,1
159928,1,1
159980,1,1
159981,1,1
160130,1,1
160140,1,1
160226,1,1
160458,2,2
160506,1,1
160509,2,2
160543,1,1
160544,1,1
160545,1,1
160546,1,1
160547,1,1
160548,1,1
160665,1,1
160743,1,1
160928,3,3
160976,1,1
160977,2,2
160978,1,1
160979,1,1
160980,2,2
160992,1,1
160993,1,1
160994,1,1
160995,1,1
161776,1,1
161783,1,1
161791,1,1
161795,2,2
161796,2,2
161797,2,2
161903,1,1
161904,1,1
161915,1,1
161917,1,1
161918,1,1
161919,1,1
161920,1,1
161985,1,1
161986,1,1
161987,1,1
161988,1,1
161989,1,1
161990,1,1
161991,1,1
161998,1,1
161999,1,1
162000,1,1
162001,1,1
162016,1,1
162017,1,1
162018,1,1
162019,1,1
162020,1,1
162022,1,1
162023,1,1
162024,1,1
162032,2,2
162033,2,2
162069,1,1
162079,2,2
162080,2,2
162081,2,2
162082,2,2
162083,2,2
162084,2,2
162085,2,2
162086,2,2
162087,2,2
162088,2,2
162089,2,2
162090,2,2
162091,2,2
162092,2,2
162093,2,2
162094,2,2
162095,2,2
162096,2,2
162097,2,2
162098,2,2
162335,2,2
162336,2,2
162337,2,2
162489,1,1
162490,2,2
162491,2,2
162492,2,2
162493,1,1
162494,2,2
162495,2,2
162497,1,1
162498,1,1
162499,1,1
162505,1,1
162506,1,1
162512,1,1
162513,3,3
162515,1,1
162516,1,1
162517,1,1
162518,1,1
162564,1,1
162566,1,1
162568,1,1
162743,1,1
162771,1,1
162787,1,1
162790,1,1
162880,2,2
162893,3,3
163028,2,2
163032,2,2
163034,1,1
163036,2,2
163343,1,1
163350,2,2
163356,2,2
163361,1,1
163484,1,1
163485,1,1
163486,1,1
163491,1,1
163523,2,2
163524,1,1
163609,2,2
163617,1,1
163618,1,1
163619,1,1
163620,1,1
163621,1,1
163622,2,2
163623,3,3
163702,1,1
163704,1,1
163705,1,1
163770,2,2
163771,2,2
163772,2,2
163773,2,2
163774,2,2
163775,2,2
163776,2,2
163777,2,2
163778,2,2
163779,2,2
163780,2,2
163781,2,2
163782,2,2
163783,2,2
163784,2,2
163785,2,2
163786,2,2
163787,2,2
164092,3,3
164225,1,1
164228,1,1
164229,1,1
164231,1,1
164234,1,1
164235,1,1
164241,1,1
164242,2,2
164245,1,1
164248,1,1
164249,1,1
164519,2,2
164524,1,1
164563,1,1
164644,2,2
164777,1,1
164779,1,1
164788,1,1
164847,1,1
164851,2,2
164925,2,2
164935,2,2
164940,1,1
164941,1,1
164942,1,1
164943,1,1
164945,1,1
164946,1,1
164947,1,1
164949,1,1
164950,1,1
164965,1,1
165034,1,1
165035,1,1
165036,1,1
165037,2,2
165108,1,1
165109,1,1
165111,1,1
165112,1,1
165113,1,1
165114,1,1
165115,2,2
165116,1,1
165117,1,1
165119,2,2
165120,2,2
165121,1,1
165122,2,2
165123,1,1
165124,1,1
165125,2,2
165126,1,1
165127,1,1
165128,1,1
165129,2,2
165130,1,1
165140,1,1
165400,1,1
165441,1,1
165456,2,2
165494,1,1
165597,1,1
166009,1,1
166112,2,2
166113,2,2
166114,2,2
166115,2,2
166116,2,2
166117,2,2
166118,2,2
166119,2,2
166120,2,2
166121,2,2
166122,2,2
166123,2,2
166124,1,1
166125,1,1
166137,1,1
166140,1,1
166143,1,1
166473,1,1
166474,1,1
166475,1,1
166476,1,1
166603,1,1
166605,1,1
166608,1,1
166611,1,1
166671,1,1
166877,1,1
166950,2,2
166951,2,2
166998,1,1
166999,1,1
167000,1,1
167001,1,1
167002,1,1
167003,1,1
167019,2,2
167188,1,1
167203,1,1
167339,1,1
167340,1,1
167528,1,1
167540,1,1
167542,1,1
167543,1,1
167563,2,2
167566,1,1
167678,1,1
167680,1,1
167682,1,1
167683,1,1
167685,1,1
167688,1,1
167693,1,1
167694,1,1
167936,1,1
167940,2,2
167987,1,1
168053,1,1
168106,1,1
168107,1,1
168109,2,2
168239,1,1
168240,1,1
168241,1,1
168250,1,1
168251,1,1
168252,1,1
168253,1,1
168254,1,1
168271,1,1
168275,1,1
168280,1,1
168283,2,2
168294,2,2
168305,1,1
168460,1,1
168501,2,2
168504,2,2
168505,1,1
168506,2,2
168507,1,1
168771,1,1
168772,1,1
168803,1,1
168804,2,2
168805,1,1
168997,2,2
168998,1,1
169003,1,1
169038,1,1
169044,1,1
169046,2,2
169142,1,1
169276,2,2
169278,1,1
169280,1,1
169296,1,1
169297,2,2
169298,2,2
169299,2,2
169300,1,1
169304,2,2
169305,1,1
169306,1,1
169308,1,1
169309,1,1
169313,1,1
169367,2,2
169445,1,1
169451,2,2
169731,2,2
169732,2,2
169733,2,2
169734,2,2
169735,2,2
169738,2,2
169739,1,1
169740,2,2
169741,2,2
169742,3,3
169744,1,1
169745,2,2
169746,1,1
169747,1,1
169748,2,2
169921,1,1
169938,1,1
170041,3,3
170105,1,1
170117,1,1
170118,1,1
170120,1,1
170121,1,1
170138,1,1
170140,1,1
170155,1,1
170159,2,2
170164,2,2
170165,1,1
170166,1,1
170167,2,2
170176,1,1
170210,2,2
170323,3,3
170326,2,2
170356,2,2
170361,1,1
170362,1,1
170368,1,1
170446,2,2
170453,3,3
170454,3,3
170455,3,3
170457,3,3
170458,3,3
170459,1,1
170523,1,1
170525,1,1
170544,1,1
170545,2,2
170546,1,1
170547,1,1
170548,1,1
170551,1,1
170746,3,3
170820,1,1
170821,1,1
170822,1,1
170823,1,1
170824,1,1
170825,1,1
170826,1,1
170827,1,1
170828,1,1
170829,1,1
170830,1,1
170976,3,3
170998,1,1
170999,1,1
171000,1,1
171001,1,1
171002,1,1
171003,1,1
171004,1,1
171005,1,1
171006,1,1
171007,1,1
171008,1,1
171009,1,1
171010,1,1
171123,2,2
171213,2,2
171383,1,1
171585,2,2
171597,1,1
171648,1,1
171650,1,1
171653,2,2
171654,1,1
171655,1,1
171656,2,2
171657,2,2
171658,2,2
171660,1,1
171662,2,2
171663,1,1
171795,1,1
171797,1,1
171850,1,1
171936,1,1
171941,2,2
171944,2,2
171946,1,1
172100,1,1
172101,1,1
172108,1,1
172119,1,1
172203,1,1
172204,1,1
172206,1,1
172207,1,1
172310,1,1
172311,1,1
172312,1,1
172326,2,2
172327,2,2
172328,3,3
172330,2,2
172334,3,3
172335,2,2
172336,2,2
172352,2,2
172371,2,2
172372,2,2
172373,2,2
172379,2,2
172380,4,4
172382,3,3
172386,2,2
172442,1,1
172459,1,1
172460,2,2
172461,2,2
172528,1,1
172529,2,2
172530,3,3
172534,1,1
172584,1,1
172585,1,1
172586,1,1
172596,2,2
172597,2,2
172598,2,2
172599,2,2
172600,2,2
172668,1,1
172669,1,1
172670,1,1
173154,1,1
173160,1,1
173161,1,1
173181,2,2
173193,1,1
173478,1,1
173480,1,1
173505,1,1
174005,1,1
174006,1,1
174037,1,1
174109,2,2
174111,1,1
174168,1,1
174169,1,1
174170,1,1
174171,1,1
174172,1,1
174173,1,1
174174,1,1
174175,1,1
174176,1,1
174186,1,1
174189,2,2
174190,1,1
174191,1,1
174194,3,3
174307,2,2
174327,1,1
174328,1,1
174335,2,2
174357,1,1
174397,1,1
174398,1,1
174399,1,1
174400,1,1
174451,1,1
174454,1,1
174457,2,2
174460,1,1
174466,1,1
174471,1,1
174477,1,1
174519,2,2
174531,1,1
174534,1,1
174536,1,1
174609,3,3
174620,1,1
174651,1,1
174652,1,1
174671,1,1
174705,2,2
174706,2,2
174707,2,2
174708,2,2
174710,2,2
174712,2,2
174713,2,2
174722,1,1
174734,2,2
174736,2,2
174737,2,2
174738,2,2
174893,2,2
175090,1,1
175164,2,2
175165,2,2
175254,1,1
175255,1,1
175256,1,1
175275,2,2
175437,1,1
175439,2,2
175440,2,2
175494,1,1
175500,1,1
175571,1,1
175573,1,1
175575,1,1
175584,1,1
175749,2,2
175750,3,3
175757,1,1
175762,3,3
175763,3,3
175764,3,3
175765,3,3
175766,3,3
175767,3,3
175768,2,2
175769,3,3
175770,3,3
175771,3,3
175772,3,3
175773,3,3
175774,3,3
175775,3,3
175776,3,3
175778,2,2
175783,2,2
175827,2,2
175833,1,1
175839,1,1
175845,1,1
176012,1,1
176013,1,1
176014,2,2
176015,2,2
176020,1,1
176021,2,2
176056,1,1
176062,1,1
176063,1,1
176065,2,2
176066,1,1
176067,1,1
176068,1,1
176069,1,1
176070,1,1
176071,1,1
176072,1,1
176073,1,1
176074,1,1
176084,1,1
176085,1,1
176086,1,1
176087,1,1
176089,1,1
176139,1,1
176140,1,1
176141,1,1
176143,1,1
176144,1,1
176146,1,1
176205,2,2
176206,2,2
176215,1,1
176221,1,1
176274,2,2
176276,1,1
176278,1,1
176279,1,1
176280,2,2
176281,2,2
176283,1,1
176284,1,1
176288,1,1
176289,1,1
176291,1,1
176297,1,1
176462,1,1
176463,1,1
176465,1,1
176466,1,1
176495,1,1
176497,1,1
176498,1,1
176499,1,1
176500,1,1
176526,3,3
176609,1,1
176611,1,1
176612,1,1
176853,2,2
176859,2,2
176861,1,1
176896,2,2
176897,2,2
176898,2,2
176899,2,2
176900,2,2
176991,1,1
176992,1,1
176993,1,1
176995,1,1
176996,1,1
176997,1,1
176998,1,1
176999,1,1
177000,1,1
177001,1,1
177004,1,1
177005,1,1
177006,1,1
177008,1,1
177009,1,1
177010,1,1
177018,1,1
177316,1,1
177333,1,1
177580,1,1
177644,1,1
177727,1,1
177728,1,1
177729,2,2
177732,1,1
177825,1,1
177837,1,1
177885,1,1
177901,2,2
177922,1,1
177935,1,1
177943,1,1
177944,1,1
178050,1,1
178051,1,1
178066,1,1
178088,2,2
178309,1,1
178310,1,1
178363,1,1
178365,1,1
178429,2,2
178459,1,1
178569,1,1
178580,2,2
178709,3,3
178710,2,2
178711,2,2
178712,3,3
178713,2,2
178714,2,2
178849,1,1
178850,2,2
178856,1,1
178857,1,1
178860,2,2
178963,2,2
178964,2,2
179100,3,3
179102,1,1
179143,2,2
179201,1,1
179202,1,1
179203,2,2
179235,2,2
179237,1,1
179269,1,1
179270,1,1
179271,1,1
179285,1,1
179315,1,1
179321,1,1
179322,1,1
179446,2,2
179510,1,1
179701,1,1
179777,1,1
179837,2,2
179840,1,1
179843,1,1
179864,1,1
179865,1,1
180142,2,2
180143,1,1
180183,1,1
180184,1,1
180191,1,1
180192,1,1
180193,1,1
180250,2,2
180251,1,1
180437,1,1
180473,2,2
180474,2,2
180475,2,2
180487,1,1
180489,1,1
180490,1,1
180491,1,1
180630,2,2
180631,2,2
180633,1,1
181736,2,2
181759,1,1
181866,1,1
181872,1,1
181873,1,1
181895,2,2
181896,2,2
181897,1,1
181899,1,1
181900,2,2
181901,1,1
181902,1,1
181903,2,2
181904,1,1
181906,1,1
181907,2,2
181912,2,2
181958,1,1
181979,2,2
181980,2,2
182202,2,2
182203,1,1
182205,1,1
182207,1,1
182208,1,1
182230,2,2
182233,1,1
182294,1,1
182502,1,1
182576,1,1
182577,1,1
182642,1,1
182737,1,1
182824,1,1
182825,1,1
182826,1,1
182967,2,2
182992,2,2
182993,2,2
182994,2,2
182995,2,2
182996,1,1
182997,1,1
183055,2,2
183151,1,1
183152,1,1
183352,3,3
183410,1,1
183454,1,1
183455,1,1
183456,1,1
183457,1,1
183458,3,3
183505,2,2
183605,1,1
183606,1,1
183617,1,1
183651,1,1
183652,1,1
183655,1,1
183656,1,1
183657,1,1
183658,1,1
183659,1,1
183660,1,1
183661,1,1
183662,1,1
183663,2,2
183664,2,2
183665,2,2
183666,2,2
183667,2,2
183668,1,1
183669,1,1
183674,1,1
183675,1,1
183701,2,2
183702,3,3
183703,3,3
183709,1,1
183719,1,1
183722,1,1
183723,1,1
183724,1,1
183725,1,1
183727,1,1
183751,1,1
183754,1,1
183775,1,1
183790,2,2
183804,1,1
183903,1,1
183904,1,1
183906,2,2
183908,1,1
183909,1,1
183910,2,2
183911,1,1
183916,2,2
183917,2,2
183918,3,3
183920,1,1
183923,1,1
183924,2,2
183925,1,1
183926,1,1
183927,1,1
183928,2,2
183929,1,1
183930,2,2
183931,1,1
183932,1,1
183933,1,1
183934,1,1
183935,1,1
183936,2,2
184041,2,2
184042,1,1
184043,1,1
184044,1,1
184045,2,2
184046,1,1
184269,1,1
184270,1,1
184272,1,1
184276,1,1
184331,1,1
184332,2,2
184333,2,2
184334,2,2
184335,2,2
184499,1,1
184500,1,1
184501,1,1
184521,1,1
184522,1,1
184692,1,1
184693,1,1
184694,1,1
184695,1,1
184696,1,1
184697,1,1
184701,1,1
184702,1,1
184703,1,1
184704,1,1
184705,1,1
184706,1,1
184715,2,2
184750,1,1
184751,1,1
184777,1,1
184811,2,2
184813,2,2
184815,3,3
184816,4,4
184824,1,1
184849,1,1
184874,1,1
184875,1,1
184876,1,1
184898,1,1
185343,1,1
185344,2,2
185345,2,2
185375,1,1
185400,1,1
185410,1,1
185411,1,1
185412,2,2
185473,2,2
185484,3,3
185485,2,2
185486,2,2
185487,2,2
185488,2,2
185489,1,1
185490,1,1
185491,1,1
185492,1,1
185524,1,1
185525,1,1
185526,1,1
185699,2,2
185714,2,2
185715,2,2
185716,2,2
185717,2,2
185718,2,2
185719,2,2
185720,2,2
185722,1,1
185723,1,1
185750,1,1
185751,1,1
185963,2,2
185967,1,1
185968,2,2
185971,1,1
185973,1,1
185978,1,1
185979,1,1
185980,1,1
185981,1,1
186167,1,1
186170,1,1
186281,2,2
186284,1,1
186285,1,1
186298,1,1
186304,2,2
186310,2,2
186361,1,1
186433,1,1
186467,2,2
186468,2,2
186471,2,2
186475,2,2
186551,2,2
186552,2,2
186553,1,1
186577,1,1
186627,2,2
186705,1,1
186706,1,1
186747,1,1
186748,1,1
186749,1,1
186979,2,2
187001,2,2
187018,1,1
187088,2,2
187103,1,1
187115,2,2
187157,3,3
187183,2,2
187184,2,2
187185,2,2
187186,2,2
187187,2,2
187188,2,2
187189,2,2
187190,3,3
187252,2,2
187253,1,1
187254,2,2
187255,1,1
187258,1,1
187259,1,1
187260,1,1
187263,1,1
187264,1,1
187267,1,1
187269,2,2
187270,1,1
187279,1,1
187280,2,2
187296,1,1
187362,1,1
187363,1,1
187364,1,1
187365,1,1
187367,1,1
187368,1,1
187369,1,1
187370,1,1
187371,2,2
187609,1,1
187640,1,1
187641,1,1
187642,1,1
187645,1,1
187675,1,1
187678,1,1
187680,2,2
187682,2,2
187684,2,2
187688,2,2
187692,1,1
187693,1,1
187694,1,1
187695,2,2
187696,2,2
187697,2,2
187698,1,1
187699,1,1
187834,3,3
187857,2,2
187859,1,1
187860,2,2
187898,1,1
187910,2,2
187998,2,2
187999,2,2
188000,2,2
188016,2,2
188017,2,2
188018,2,2
188268,1,1
188269,1,1
188270,1,1
188271,1,1
188272,1,1
188273,1,1
188274,1,1
188277,1,1
188451,2,2
188519,2,2
188520,2,2
188539,1,1
188706,1,1
188707,1,1
188977,1,1
189005,1,1
189628,1,1
189629,1,1
189630,1,1
189741,2,2
189742,2,2
189743,2,2
189744,2,2
189794,1,1
189795,1,1
190033,1,1
190034,1,1
190093,2,2
190133,2,2
190134,2,2
190153,2,2
190154,2,2
190155,2,2
190163,1,1
190164,1,1
190229,1,1
190230,3,3
190231,2,2
190232,1,1
190233,1,1
190234,1,1
190239,2,2
190270,2,2
190728,1,1
190824,2,2
190864,2,2
190865,2,2
190866,2,2
190867,2,2
190868,2,2
190869,2,2
190870,2,2
190871,1,1
190872,2,2
190873,1,1
190874,2,2
190875,2,2
190876,2,2
190902,2,2
190903,2,2
191011,2,2
191012,2,2
191013,2,2
191108,2,2
191117,1,1
191204,2,2
191206,2,2
191213,3,3
191360,2,2
191361,2,2
191362,2,2
191363,3,3
191364,2,2
191365,2,2
191366,3,3
191371,1,1
191553,2,2
191554,2,2
191560,3,3
191653,1,1
191688,1,1
191689,1,1
191690,1,1
191692,1,1
191796,1,1
191797,1,1
191862,1,1
191937,1,1
191950,1,1
192152,2,2
192153,2,2
192155,2,2
192156,2,2
192204,2,2
192259,1,1
192365,2,2
192366,1,1
192367,2,2
192368,2,2
192369,1,1
192589,1,1
192610,2,2
192696,2,2
192880,1,1
192939,2,2
193012,1,1
193013,1,1
193022,2,2
193023,2,2
193055,1,1
193058,1,1
193198,2,2
193404,2,2
193405,2,2
193406,2,2
193407,2,2
193408,2,2
193409,2,2
193416,2,2
193417,1,1
193624,1,1
193630,1,1
193756,1,1
193777,1,1
193790,1,1
193791,1,1
193799,2,2
193806,2,2
194004,2,2
194005,2,2
194006,2,2
194012,1,1
194015,1,1
194016,1,1
194017,1,1
194118,1,1
194119,2,2
194120,2,2
194121,1,1
194161,1,1
194204,3,3
194247,2,2
194248,3,3
194249,3,3
194303,1,1
194387,1,1
194388,1,1
194389,1,1
194390,1,1
194391,1,1
194392,1,1
194393,1,1
194453,2,2
194457,2,2
194458,2,2
194459,2,2
194460,2,2
194461,2,2
194462,2,2
194463,2,2
194464,2,2
194518,2,2
194855,2,2
194857,2,2
194858,2,2
194859,1,1
194865,1,1
194875,1,1
194876,1,1
194877,1,1
194878,3,3
194879,3,3
194880,1,1
194881,2,2
194882,1,1
194985,2,2
194989,2,2
195018,1,1
195062,1,1
195063,1,1
195064,1,1
195092,1,1
195093,1,1
195095,1,1
195096,1,1
195097,1,1
195098,1,1
195099,1,1
195125,1,1
195127,1,1
195128,1,1
195129,1,1
195130,1,1
195131,1,1
195134,1,1
195135,1,1
195151,2,2
195154,2,2
195194,1,1
195195,1,1
195196,1,1
195197,1,1
195202,1,1
195203,1,1
195206,1,1
195207,1,1
195208,1,1
195209,1,1
195210,1,1
195211,1,1
195212,1,1
195213,1,1
195232,3,3
195235,1,1
195239,1,1
195241,1,1
195242,1,1
195292,1,1
195385,1,1
195474,2,2
195475,2,2
195477,2,2
195478,2,2
195479,2,2
195574,2,2
195701,1,1
195702,1,1
195703,1,1
195854,2,2
195951,1,1
195955,1,1
195967,1,1
195968,1,1
195969,1,1
195980,1,1
195982,1,1
195983,1,1
196046,1,1
196090,2,2
196139,1,1
196480,1,1
196584,2,2
196635,1,1
196701,1,1
196702,1,1
196703,1,1
196707,1,1
196857,3,3
196874,1,1
196875,1,1
196876,1,1
196884,1,1
196908,3,3
196910,2,2
196912,1,1
196935,1,1
196972,1,1
196993,1,1
197052,1,1
197053,2,2
197054,1,1
197133,1,1
197297,1,1
197310,2,2
197327,1,1
197336,1,1
197343,1,1
197389,1,1
197430,2,2
197459,2,2
197499,1,1
197500,1,1
197501,1,1
197502,1,1
197503,1,1
197504,1,1
197883,1,1
197884,1,1
197885,1,1
197886,1,1
197887,1,1
197888,1,1
197889,1,1
197890,1,1
197892,1,1
198037,3,3
198058,1,1
198278,1,1
198279,2,2
198340,1,1
198341,1,1
198342,1,1
198343,1,1
198344,1,1
198381,2,2
198402,1,1
198589,4,4
199172,1,1
199173,1,1
199212,1,1
199218,1,1
199219,1,1
199220,1,1
199221,1,1
199222,2,2
199227,1,1
199228,1,1
199394,2,2
199445,1,1
199572,1,1
199608,1,1
199609,1,1
199610,1,1
199611,1,1
199699,1,1
199714,1,1
199765,2,2
200009,1,1
200012,1,1
200016,1,1
200029,1,1
200084,2,2
200100,1,1
200231,1,1
200280,3,3
200281,1,1
200283,3,3
200427,3,3
200443,2,2
200444,1,1
200632,1,1
200636,1,1
200719,1,1
200936,3,3
200961,2,2
200963,2,2
200964,2,2
200965,2,2
201246,4,4
201334,1,1
201335,1,1
201336,1,1
201337,1,1
201338,1,1
201362,2,2
201384,1,1
201446,2,2
201447,2,2
201448,2,2
201449,2,2
201450,2,2
201451,2,2
201452,2,2
201453,2,2
201454,2,2
201473,1,1
201557,2,2
201558,2,2
201559,1,1
201560,1,1
201636,2,2
201639,2,2
201681,1,1
201698,2,2
201700,2,2
201704,2,2
201705,2,2
201918,1,1
201919,1,1
201920,1,1
201921,1,1
201927,1,1
201962,1,1
202018,1,1
202019,2,2
202020,2,2
202021,1,1
202367,1,1
202368,1,1
202369,1,1
202370,1,1
202413,1,1
202414,1,1
202415,1,1
202416,1,1
202417,1,1
202418,1,1
202419,1,1
202420,1,1
202421,1,1
202422,1,1
202423,1,1
202424,3,3
202542,1,1
202646,1,1
202647,1,1
202648,1,1
202649,1,1
202650,1,1
202651,2,2
202652,1,1
202653,1,1
202654,2,2
202655,1,1
202656,1,1
202657,1,1
202658,1,1
202659,1,1
202660,1,1
202661,1,1
202684,2,2
202685,1,1
202686,1,1
202720,1,1
202722,1,1
202723,1,1
202746,1,1
202797,1,1
202842,2,2
202843,2,2
202844,2,2
202845,2,2
202846,2,2
202847,2,2
202848,2,2
202849,2,2
202850,2,2
202851,2,2
202852,2,2
202854,1,1
202855,2,2
202856,2,2
202857,2,2
202859,2,2
202860,2,2
202862,2,2
202863,2,2
202864,1,1
202865,2,2
202866,2,2
202867,2,2
202868,1,1
202869,2,2
202870,2,2
202871,2,2
202872,2,2
202873,2,2
202874,2,2
202875,2,2
202876,2,2
202877,2,2
202878,2,2
202879,1,1
202880,1,1
202881,2,2
202882,1,1
202883,2,2
202884,2,2
202885,1,1
202886,2,2
202887,1,1
202888,2,2
202889,2,2
202890,2,2
202891,2,2
202892,1,1
202893,2,2
202894,2,2
202895,2,2
202896,2,2
202897,2,2
202898,2,2
202899,2,2
202900,2,2
202901,2,2
202902,2,2
202903,2,2
202904,2,2
202905,2,2
202906,2,2
202907,2,2
202908,2,2
202909,2,2
202910,2,2
202911,2,2
202912,2,2
202913,2,2
202914,2,2
202915,2,2
202916,2,2
202917,2,2
202918,2,2
202919,2,2
202920,2,2
202921,2,2
202922,2,2
202923,2,2
202924,1,1
202925,2,2
202926,1,1
202927,2,2
202928,2,2
202929,1,1
202930,2,2
202931,2,2
202932,2,2
202933,2,2
202936,2,2
202937,1,1
202938,1,1
202939,2,2
202940,2,2
202941,2,2
202942,1,1
202943,2,2
202944,1,1
202945,1,1
202946,2,2
202947,2,2
202948,2,2
202949,2,2
202950,2,2
202951,2,2
202952,1,1
202953,2,2
202954,2,2
202955,1,1
202956,1,1
202958,2,2
202959,2,2
202960,2,2
202961,1,1
202962,1,1
202963,2,2
202964,2,2
202965,2,2
202966,2,2
202967,2,2
202968,2,2
202969,2,2
202970,2,2
202972,2,2
202973,2,2
202974,1,1
202975,2,2
202976,2,2
202977,2,2
202978,2,2
202979,2,2
202980,2,2
202981,1,1
202982,2,2
202983,1,1
202984,2,2
202985,2,2
202986,2,2
202987,2,2
202988,2,2
202989,1,1
202990,2,2
202992,1,1
202993,2,2
202994,2,2
202995,2,2
202997,1,1
202998,1,1
202999,2,2
203000,2,2
203001,2,2
203003,2,2
203004,1,1
203005,2,2
203006,2,2
203007,2,2
203008,2,2
203009,2,2
203010,1,1
203011,2,2
203013,1,1
203014,2,2
203015,2,2
203017,2,2
203019,1,1
203020,2,2
203021,2,2
203022,2,2
203023,1,1
203024,2,2
203025,2,2
203026,1,1
203027,1,1
203028,2,2
203029,2,2
203030,1,1
203031,2,2
203032,2,2
203033,2,2
203034,2,2
203035,2,2
203036,2,2
203037,2,2
203038,2,2
203039,2,2
203040,2,2
203042,2,2
203043,2,2
203044,2,2
203045,2,2
203047,2,2
203048,2,2
203049,1,1
203050,2,2
203051,2,2
203052,2,2
203053,2,2
203054,2,2
203055,2,2
203057,1,1
203059,2,2
203060,2,2
203061,1,1
203062,2,2
203063,1,1
203064,2,2
203065,2,2
203066,2,2
203067,2,2
203068,2,2
203069,2,2
203070,2,2
203071,2,2
203072,2,2
203073,2,2
203074,1,1
203075,2,2
203076,1,1
203077,2,2
203078,2,2
203079,1,1
203081,2,2
203082,2,2
203083,2,2
203084,1,1
203085,2,2
203086,2,2
203087,2,2
203088,2,2
203089,2,2
203090,2,2
203091,2,2
203092,1,1
203093,2,2
203094,1,1
203095,1,1
203096,2,2
203097,2,2
203098,2,2
203099,2,2
203100,2,2
203101,2,2
203102,2,2
203103,1,1
203104,2,2
203105,2,2
203106,2,2
203107,2,2
203108,1,1
203109,2,2
203110,2,2
203111,2,2
203112,2,2
203113,2,2
203114,2,2
203115,2,2
203116,2,2
203117,2,2
203118,2,2
203119,2,2
203120,1,1
203121,2,2
203122,2,2
203123,1,1
203124,2,2
203125,2,2
203126,2,2
203127,2,2
203128,2,2
203129,2,2
203130,2,2
203131,2,2
203132,2,2
203133,2,2
203134,1,1
203135,2,2
203136,2,2
203137,2,2
203138,2,2
203140,2,2
203141,2,2
203142,1,1
203143,2,2
203144,2,2
203145,2,2
203146,2,2
203147,2,2
203148,2,2
203149,2,2
203150,2,2
203151,1,1
203152,2,2
203153,2,2
203154,2,2
203155,2,2
203541,1,1
203708,1,1
203731,1,1
203733,1,1
203734,1,1
203767,1,1
203799,1,1
203800,1,1
203801,1,1
203842,1,1
203843,1,1
203868,1,1
203908,2,2
203979,1,1
204018,2,2
204020,2,2
204299,1,1
204300,1,1
204301,1,1
204306,1,1
204354,1,1
204355,1,1
204360,1,1
204364,1,1
204365,1,1
204366,1,1
204367,1,1
204368,1,1
204369,1,1
204370,1,1
204371,1,1
204372,1,1
204373,1,1
204497,2,2
204523,1,1
204524,1,1
204525,1,1
204543,1,1
204544,1,1
204567,1,1
204568,1,1
204569,1,1
204570,1,1
204575,2,2
204672,1,1
204673,1,1
204818,1,1
204819,1,1
204821,1,1
204974,1,1
204975,1,1
204976,1,1
204994,1,1
204995,1,1
205090,1,1
205091,1,1
205092,2,2
205093,1,1
205095,1,1
205128,2,2
205129,2,2
205130,2,2
205138,2,2
205139,2,2
205165,1,1
205214,1,1
205215,1,1
205603,1,1
205604,1,1
205631,2,2
205703,1,1
205724,1,1
205993,1,1
205994,2,2
206027,3,3
206032,2,2
206033,2,2
206044,2,2
206146,2,2
206148,2,2
206149,2,2
206169,2,2
206170,2,2
206171,2,2
206197,1,1
206198,1,1
206199,1,1
206211,1,1
206267,1,1
206272,1,1
206404,1,1
206405,1,1
206406,2,2
206407,2,2
206408,2,2
206412,2,2
206413,2,2
206414,2,2
206433,1,1
206434,1,1
206435,1,1
206481,1,1
206482,1,1
206483,1,1
206484,1,1
206485,2,2
206486,1,1
206487,1,1
206488,2,2
206885,1,1
206906,2,2
207170,3,3
207251,1,1
207404,1,1
207551,2,2
207552,2,2
207553,1,1
207637,1,1
207835,1,1
207836,1,1
207881,2,2
208067,1,1
208070,1,1
208072,1,1
208336,2,2
208358,1,1
208359,1,1
208360,2,2
208382,2,2
208383,2,2
208384,2,2
208385,2,2
208386,2,2
208387,2,2
208388,2,2
208389,2,2
208391,2,2
208392,2,2
208573,2,2
208574,2,2
208575,3,3
208576,3,3
208650,1,1
208651,1,1
208683,1,1
208684,2,2
208685,1,1
208694,1,1
208695,1,1
208696,1,1
208697,1,1
208713,1,1
208714,1,1
208899,1,1
208902,1,1
208903,3,3
208904,1,1
208910,1,1
208919,1,1
208976,1,1
209095,3,3
209096,3,3
209097,3,3
209098,3,3
209099,3,3
209101,3,3
209102,3,3
209103,3,3
209104,3,3
209105,3,3
209106,3,3
209194,1,1
209195,1,1
209201,1,1
209319,2,2
209320,2,2
209321,2,2
209322,1,1
209323,1,1
209560,1,1
209561,1,1
209562,1,1
209563,1,1
209564,1,1
209566,1,1
209567,1,1
209568,1,1
209569,1,1
209570,1,1
209670,2,2
209699,2,2
209850,1,1
209886,2,2
210023,1,1
210189,1,1
210190,1,1
210262,2,2
210263,1,1
210264,1,1
210265,1,1
210268,2,2
210269,2,2
210270,1,1
210323,1,1
210396,1,1
210466,1,1
210469,3,3
210641,2,2
210642,2,2
210729,2,2
210812,2,2
210813,2,2
210814,2,2
211366,3,3
211367,2,2
211381,1,1
211383,1,1
211426,2,2
211488,1,1
211489,1,1
211490,1,1
211494,1,1
211537,2,2
211538,2,2
211539,2,2
211540,2,2
211541,2,2
211542,2,2
211543,2,2
211544,2,2
211545,2,2
211552,1,1
211554,1,1
211555,1,1
211572,1,1
211578,1,1
211579,1,1
211580,1,1
211581,1,1
211611,2,2
211612,2,2
211613,2,2
211614,2,2
211628,2,2
211629,2,2
211630,2,2
211631,2,2
211632,2,2
211633,2,2
211634,2,2
211635,2,2
211700,1,1
211701,1,1
211702,1,1
211703,1,1
211704,1,1
211711,3,3
211712,2,2
211713,2,2
211714,2,2
211718,2,2
211719,3,3
211721,3,3
211722,2,2
211724,2,2
211728,3,3
211734,1,1
211735,2,2
211758,1,1
211759,1,1
211760,1,1
211769,1,1
211770,1,1
211771,1,1
211773,1,1
211774,1,1
211775,1,1
211776,1,1
211777,1,1
211778,1,1
211779,1,1
211780,1,1
211781,1,1
211826,1,1
211827,1,1
211828,1,1
211829,1,1
211848,1,1
211853,1,1
211857,1,1
211889,2,2
211890,2,2
211891,2,2
211941,1,1
211942,1,1
212086,1,1
212087,1,1
212196,1,1
212323,1,1
213021,2,2
213113,1,1
213117,1,1
213172,1,1
213402,1,1
213508,1,1
213510,1,1
213514,1,1
213515,1,1
213516,1,1
213517,1,1
213532,1,1
213535,1,1
213536,1,1
213602,1,1
213704,2,2
213705,2,2
213706,2,2
213707,1,1
213708,1,1
213709,2,2
213710,2,2
213711,2,2
213712,1,1
213713,3,3
213714,3,3
213715,3,3
213716,2,2
213717,2,2
213718,2,2
213719,3,3
213720,3,3
213721,3,3
213722,2,2
213723,2,2
213737,1,1
213738,1,1
213739,1,1
213740,1,1
213763,2,2
213764,2,2
213765,2,2
213766,2,2
213788,1,1
214112,1,1
214126,2,2
214147,1,1
214148,1,1
214149,2,2
214150,2,2
214265,1,1
214387,3,3
214393,2,2
214401,1,1
214475,1,1
214605,2,2
214699,1,1
214700,1,1
214701,1,1
214706,1,1
214752,1,1
214753,1,1
214912,2,2
214974,2,2
214975,2,2
214983,1,1
214996,1,1
214997,1,1
215048,2,2
215049,2,2
215050,1,1
215051,2,2
215052,1,1
215053,1,1
215054,2,2
215055,2,2
215099,2,2
215249,1,1
215252,1,1
215253,1,1
215254,1,1
215255,1,1
215257,1,1
215258,1,1
215259,1,1
215260,1,1
215261,1,1
215263,1,1
215264,1,1
215268,1,1
215272,1,1
215273,1,1
215274,1,1
215276,1,1
215545,1,1
215548,1,1
215552,1,1
215553,1,1
215554,2,2
215555,1,1
215556,1,1
215897,2,2
215898,2,2
215899,1,1
215900,2,2
215901,2,2
215902,2,2
215903,2,2
215904,2,2
215905,2,2
216110,2,2
216161,1,1
216166,1,1
216170,2,2
216171,2,2
216172,2,2
216173,1,1
216213,1,1
216239,1,1
216241,1,1
216257,2,2
216258,3,3
216259,2,2
216260,3,3
216262,3,3
216263,3,3
216266,1,1
216269,1,1
216270,1,1
216394,1,1
216474,2,2
216475,1,1
216535,1,1
216536,1,1
216732,2,2
216734,1,1
216832,1,1
216835,1,1
216848,2,2
216853,2,2
216854,1,1
216857,1,1
216858,1,1
216861,2,2
216862,2,2
216871,1,1
217033,1,1
217034,1,1
217037,1,1
217039,1,1
217040,1,1
217045,1,1
217046,1,1
217047,1,1
217048,1,1
217049,1,1
217051,1,1
217054,1,1
217055,1,1
217057,1,1
217058,1,1
217060,1,1
217061,1,1
217062,1,1
217063,1,1
217065,1,1
217066,1,1
217067,1,1
217068,1,1
217069,1,1
217070,1,1
217071,1,1
217072,1,1
217073,1,1
217074,1,1
217075,1,1
217076,1,1
217077,1,1
217079,1,1
217080,1,1
217081,1,1
217082,1,1
217083,1,1
217084,1,1
217085,1,1
217086,1,1
217087,1,1
217088,1,1
217089,1,1
217090,1,1
217091,1,1
217092,1,1
217093,1,1
217096,1,1
217097,1,1
217098,1,1
217099,1,1
217100,1,1
217101,1,1
217102,1,1
217103,1,1
217234,1,1
217236,1,1
217237,1,1
217238,1,1
217239,1,1
217240,1,1
217241,1,1
217242,1,1
217243,1,1
217244,1,1
217245,1,1
217246,1,1
217247,1,1
217248,1,1
217249,1,1
217250,1,1
217251,1,1
217252,1,1
217253,1,1
217254,1,1
217255,1,1
217256,1,1
217257,1,1
217258,1,1
217259,1,1
217260,1,1
217261,1,1
217262,1,1
217264,1,1
217265,1,1
217266,1,1
217269,1,1
217270,1,1
217271,1,1
217272,1,1
217273,1,1
217274,1,1
217275,1,1
217276,1,1
217277,1,1
217278,1,1
217279,1,1
217280,1,1
217281,1,1
217282,1,1
217283,1,1
217284,1,1
217285,1,1
217286,1,1
217287,1,1
217288,1,1
217289,1,1
217291,1,1
217292,1,1
217337,1,1
217338,1,1
217339,1,1
217340,1,1
217341,1,1
217342,1,1
217343,1,1
217344,1,1
217345,1,1
217378,2,2
217413,2,2
217414,2,2
217415,2,2
217416,2,2
217418,2,2
217419,2,2
217478,1,1
217479,1,1
217526,2,2
217753,1,1
217755,2,2
217756,1,1
217757,1,1
217759,1,1
217760,2,2
217761,1,1
217762,2,2
217763,1,1
217764,1,1
217765,1,1
217768,1,1
217769,2,2
217770,1,1
217979,1,1
218205,1,1
218206,1,1
218207,1,1
218208,1,1
218213,3,3
218292,1,1
218293,1,1
218294,1,1
218295,1,1
218296,1,1
218297,1,1
218298,1,1
218303,1,1
218304,1,1
218305,1,1
218306,1,1
218307,1,1
218308,1,1
218309,1,1
218310,1,1
218312,1,1
218313,1,1
218314,1,1
218315,1,1
218316,1,1
218317,1,1
218318,1,1
218319,1,1
218320,1,1
218544,1,1
218578,1,1
218579,1,1
218580,1,1
218581,1,1
218582,1,1
218633,1,1
218634,1,1
218635,1,1
218636,1,1
218637,1,1
218681,2,2
218711,1,1
218712,2,2
218713,2,2
218714,1,1
218715,1,1
218716,1,1
218717,1,1
218718,1,1
218719,1,1
218720,1,1
218721,1,1
218722,2,2
218723,3,3
218724,2,2
218725,2,2
218726,1,1
218727,1,1
218729,2,2
218730,2,2
218731,1,1
218732,2,2
218733,3,3
218734,2,2
218735,1,1
218736,1,1
218737,1,1
218738,2,2
218739,1,1
218740,1,1
218741,2,2
218743,1,1
218745,1,1
218747,1,1
218749,1,1
218801,2,2
218838,1,1
219536,1,1
219537,1,1
219640,2,2
219780,1,1
219782,1,1
219784,1,1
219795,1,1
219828,2,2
219964,1,1
220077,2,2
220081,1,1
220082,2,2
220211,1,1
220212,1,1
220213,1,1
220221,2,2
220356,1,1
220357,1,1
220495,1,1
220508,2,2
220790,1,1
220791,1,1
220792,1,1
220793,1,1
220794,1,1
220808,1,1
220988,1,1
221012,2,2
221014,1,1
221017,1,1
221135,1,1
221137,1,1
221408,1,1
221433,1,1
221434,1,1
221436,1,1
221437,1,1
221438,1,1
221443,2,2
221446,1,1
221460,1,1
221463,1,1
221566,2,2
221567,2,2
221703,1,1
221704,1,1
221710,1,1
221737,2,2
221739,1,1
221740,1,1
221741,1,1
221742,1,1
221743,1,1
221745,2,2
221746,1,1
221747,1,1
221748,1,1
221750,4,4
221751,2,2
221752,3,3
221753,2,2
221754,1,1
221756,1,1
221757,3,3
221758,2,2
221759,2,2
221760,1,1
221761,1,1
221810,1,1
221843,1,1
221844,1,1
221845,1,1
221846,1,1
222393,2,2
222413,1,1
222414,1,1
222415,1,1
222416,1,1
222422,1,1
222423,1,1
222425,2,2
222496,2,2
222601,3,3
222613,2,2
222616,2,2
222617,2,2
222621,1,1
222742,1,1
222875,2,2
222876,2,2
223000,2,2
223001,2,2
223018,2,2
223019,2,2
223052,1,1
223160,2,2
223222,2,2
223223,2,2
223224,2,2
223225,3,3
223253,1,1
223327,2,2
223332,2,2
223334,2,2
223336,1,1
223337,1,1
223338,2,2
223340,1,1
223437,1,1
223438,1,1
223439,1,1
223564,1,1
223707,1,1
223708,1,1
223709,1,1
223712,2,2
224067,1,1
224070,2,2
224354,1,1
224407,3,3
224515,1,1
224519,2,2
224540,2,2
224576,1,1
224577,1,1
224578,1,1
224579,1,1
224580,2,2
224581,2,2
224582,2,2
224588,3,3
224589,1,1
224710,1,1
224773,1,1
224774,1,1
224775,1,1
224776,1,1
224777,1,1
224778,1,1
224779,1,1
224781,1,1
224782,2,2
224898,1,1
224899,1,1
225434,1,1
225435,1,1
225436,1,1
225439,1,1
225485,2,2
225487,1,1
225490,1,1
225503,1,1
225528,2,2
225529,2,2
225532,1,1
225670,2,2
225685,2,2
225686,2,2
225687,2,2
225688,2,2
225689,2,2
225751,2,2
225873,1,1
225874,1,1
225875,1,1
225876,1,1
225878,2,2
225881,1,1
225882,1,1
225883,1,1
225884,1,1
225885,1,1
225886,1,1
225887,1,1
225888,1,1
225889,1,1
225890,1,1
225891,1,1
225893,1,1
226000,1,1
226001,1,1
226002,1,1
226003,1,1
226004,1,1
226005,1,1
226162,1,1
226168,1,1
226291,1,1
226404,2,2
226405,1,1
226406,1,1
226561,1,1
226728,2,2
226729,2,2
226730,2,2
226770,1,1
226773,1,1
227009,2,2
227010,2,2
227011,2,2
227012,2,2
227094,1,1
227245,1,1
227246,1,1
227442,2,2
228051,2,2
228052,2,2
228053,2,2
228139,1,1
228142,2,2
228199,2,2
228200,2,2
228370,1,1
228371,1,1
228372,1,1
228373,1,1
228374,1,1
228375,1,1
228376,1,1
228377,1,1
228378,1,1
228379,2,2
228380,1,1
228381,1,1
228382,1,1
228383,1,1
228384,1,1
228385,1,1
228386,1,1
228387,1,1
228388,1,1
228389,1,1
228390,2,2
228452,2,2
228453,2,2
228577,1,1
228578,1,1
228579,1,1
228580,1,1
228581,1,1
228582,1,1
228583,1,1
228584,1,1
228585,1,1
228587,1,1
228588,1,1
228589,1,1
228590,1,1
228591,1,1
228592,1,1
228593,1,1
228808,1,1
228811,1,1
228812,1,1
228813,1,1
228878,2,2
228912,1,1
228913,1,1
229227,1,1
229405,2,2
229406,2,2
229407,2,2
229408,2,2
229434,2,2
229435,2,2
229436,2,2
229437,2,2
229438,2,2
229439,2,2
229440,2,2
229441,2,2
229442,2,2
229443,2,2
229446,2,2
229447,2,2
229448,2,2
229449,2,2
229450,2,2
229452,2,2
229453,2,2
229498,2,2
229501,1,1
229620,2,2
229622,2,2
229624,2,2
229625,2,2
229626,2,2
229627,2,2
229628,2,2
229629,2,2
229630,2,2
229631,2,2
229632,2,2
229635,2,2
229636,2,2
229637,2,2
229638,2,2
229692,2,2
229693,2,2
229694,2,2
229695,2,2
229696,2,2
229697,2,2
229698,2,2
229704,2,2
229705,2,2
229709,2,2
229710,1,1
229799,3,3
229805,1,1
229807,1,1
229811,2,2
229813,2,2
229814,1,1
229816,1,1
229838,2,2
229851,2,2
229852,2,2
230928,1,1
230929,1,1
230930,1,1
230931,1,1
230932,1,1
230986,2,2
231113,1,1
231114,1,1
231345,1,1
231510,1,1
231574,2,2
231678,1,1
231707,3,3
231709,1,1
231805,2,2
231891,2,2
231892,2,2
231893,1,1
231905,1,1
231906,1,1
231907,1,1
231908,1,1
231909,1,1
231910,1,1
231925,1,1
232023,1,1
232140,1,1
232460,2,2
232623,1,1
232624,1,1
232625,1,1
232630,1,1
232633,2,2
232754,2,2
232755,3,3
232756,3,3
232757,3,3
232758,2,2
232759,3,3
232760,3,3
232761,1,1
232762,2,2
232763,2,2
232764,2,2
232765,1,1
232766,2,2
232767,2,2
232788,1,1
232800,2,2
233040,1,1
233043,1,1
233047,2,2
233208,2,2
233212,1,1
233299,1,1
233300,2,2
233309,1,1
233310,2,2
233311,1,1
233312,2,2
233316,1,1
233317,2,2
233645,1,1
233649,1,1
233650,1,1
234462,1,1
234463,1,1
234464,1,1
234619,1,1
234620,1,1
234621,1,1
234654,1,1
234874,1,1
234875,1,1
234876,1,1
235611,3,3
236506,2,2
236507,2,2
236509,1,1
236511,2,2
236514,1,1
236516,2,2
236519,1,1
236526,2,2
236529,2,2
236530,2,2
236536,2,2
101915,0,0
101323,0,0
105246,0,0
107867,0,0
107773,0,0
107774,0,0
108714,0,0
111396,0,0
111771,0,0
111812,0,0
110549,0,0
110693,0,0
111817,0,0
111814,0,0
111815,0,0
112851,0,0
112848,0,0
112970,0,0
113039,0,0
113119,0,0
113133,0,0
113132,0,0
113115,0,0
113120,0,0
113131,0,0
113042,0,0
113006,0,0
113041,0,0
113040,0,0
113346,0,0
113005,0,0
11578,0,0
11579,0,0
11619,0,0
11663,0,0
11795,0,0
118031,0,0
118093,0,0
11923,0,0
11956,0,0
11957,0,0
120296,0,0
12093,0,0
120720,0,0
120721,0,0
120724,0,0
120722,0,0
120725,0,0
12089,0,0
123299,0,0
123318,0,0
125751,0,0
125750,0,0
128050,0,0
128065,0,0
127695,0,0
128049,0,0
128121,0,0
128043,0,0
128119,0,0
128123,0,0
128120,0,0
128122,0,0
129441,0,0
129750,0,0
129748,0,0
129749,0,0
129747,0,0
132361,0,0
132363,0,0
132365,0,0
132364,0,0
132362,0,0
132710,0,0
132712,0,0
132711,0,0
132714,0,0
132939,0,0
132709,0,0
132713,0,0
133390,0,0
134861,0,0
135595,0,0
135601,0,0
136130,0,0
136129,0,0
137713,0,0
137724,0,0
137725,0,0
139403,0,0
13878,0,0
139402,0,0
139684,0,0
141043,0,0
141044,0,0
141050,0,0
141046,0,0
141045,0,0
141052,0,0
141048,0,0
141049,0,0
141051,0,0
141047,0,0
14181,0,0
14182,0,0
141282,0,0
154221,0,0
154224,0,0
154227,0,0
154222,0,0
154228,0,0
154225,0,0
154226,0,0
154223,0,0
154230,0,0
154229,0,0
154235,0,0
154232,0,0
154233,0,0
154242,0,0
154236,0,0
154237,0,0
154240,0,0
154234,0,0
154231,0,0
154238,0,0
154241,0,0
154245,0,0
154244,0,0
154239,0,0
154243,0,0
157926,0,0
15949,0,0
159890,0,0
159893,0,0
160542,0,0
161030,0,0
161975,0,0
161933,0,0
162782,0,0
162738,0,0
162918,0,0
164944,0,0
164236,0,0
164237,0,0
164239,0,0
164238,0,0
164240,0,0
166034,0,0
166694,0,0
167585,0,0
167590,0,0
167972,0,0
167969,0,0
169096,0,0
170181,0,0
170833,0,0
170840,0,0
170843,0,0
170842,0,0
171315,0,0
170844,0,0
170841,0,0
171316,0,0
171317,0,0
171341,0,0
173667,0,0
174352,0,0
174348,0,0
174442,0,0
174446,0,0
174444,0,0
174445,0,0
174537,0,0
175779,0,0
176064,0,0
176337,0,0
176338,0,0
177136,0,0
178177,0,0
178600,0,0
182503,0,0
181976,0,0
183475,0,0
183966,0,0
184465,0,0
185588,0,0
185589,0,0
185591,0,0
185592,0,0
187113,0,0
187272,0,0
187274,0,0
187482,0,0
187873,0,0
187869,0,0
187868,0,0
190818,0,0
190624,0,0
190819,0,0
191252,0,0
192868,0,0
194982,0,0
194983,0,0
195558,0,0
196191,0,0
196609,0,0
196973,0,0
197733,0,0
197741,0,0
199744,0,0
202149,0,0
203348,0,0
203608,0,0
203769,0,0
203768,0,0
203792,0,0
20781,0,0
208069,0,0
208073,0,0
208068,0,0
209287,0,0
211836,0,0
211839,0,0
211847,0,0
211837,0,0
21373,0,0
214146,0,0
216000,0,0
218728,0,0
218742,0,0
218744,0,0
218746,0,0
218751,0,0
218752,0,0
218750,0,0
218748,0,0
218753,0,0
219781,0,0
220243,0,0
220244,0,0
220245,0,0
220246,0,0
221447,0,0
225527,0,0
226258,0,0
226259,0,0
226260,0,0
226262,0,0
226261,0,0
231346,0,0
231350,0,0
231349,0,0
231713,0,0
232926,0,0
236736,0,0
25791,0,0
27347,0,0
32396,0,0
31939,0,0
53121,0,0
53128,0,0
58976,0,0
58977,0,0
61463,0,0
68450,0,0
80351,0,0
81225,0,0
83279,0,0
85987,0,0
86780,0,0
87218,0,0
88879,0,0
89638,0,0
89639,0,0
91776,0,0
97090,0,0
99025,0,0
99031,0,0
99032,0,0
99034,0,0
99033,0,0
